-- --------------------------------------------------------
-- Host:                         195.235.211.197
-- Versión del servidor:         10.3.34-MariaDB-0ubuntu0.20.04.1 - Ubuntu 20.04
-- SO del servidor:              debian-linux-gnu
-- HeidiSQL Versión:             11.3.0.6295
-- --------------------------------------------------------

/*!40101 SET @OLD_CHARACTER_SET_CLIENT=@@CHARACTER_SET_CLIENT */;
/*!40101 SET NAMES utf8 */;
/*!50503 SET NAMES utf8mb4 */;
/*!40014 SET @OLD_FOREIGN_KEY_CHECKS=@@FOREIGN_KEY_CHECKS, FOREIGN_KEY_CHECKS=0 */;
/*!40101 SET @OLD_SQL_MODE=@@SQL_MODE, SQL_MODE='NO_AUTO_VALUE_ON_ZERO' */;
/*!40111 SET @OLD_SQL_NOTES=@@SQL_NOTES, SQL_NOTES=0 */;


-- Volcando estructura de base de datos para priPictureka
CREATE DATABASE IF NOT EXISTS `priPictureka` /*!40100 DEFAULT CHARACTER SET utf8mb4 */;
USE `priPictureka`;

-- Volcando estructura para tabla priPictureka.CLIENTE
CREATE TABLE IF NOT EXISTS `CLIENTE` (
  `Usuario` varchar(10) NOT NULL,
  `identificadorUser` tinyint(4) NOT NULL,
  `Dni` varchar(9) NOT NULL,
  `FechaNacimiento` date NOT NULL,
  `Email` tinytext NOT NULL,
  `Contraseña` tinytext NOT NULL,
  PRIMARY KEY (`Usuario`),
  UNIQUE KEY `Dni` (`Dni`)
) ENGINE=InnoDB DEFAULT CHARSET=utf8mb4;

-- Volcando datos para la tabla priPictureka.CLIENTE: ~6 rows (aproximadamente)
/*!40000 ALTER TABLE `CLIENTE` DISABLE KEYS */;
INSERT INTO `CLIENTE` (`Usuario`, `identificadorUser`, `Dni`, `FechaNacimiento`, `Email`, `Contraseña`) VALUES
	('asas', 1, '11105844M', '1998-07-02', 'asasa@gmail.com', 'ef395bbd0a8c1af1a97b47014e95c6247f47666c4f4f769c03efe5ffbc4debd7'),
	('joliema', 1, 'P897154B', '2001-08-27', 'joliema27@gmail.com', '78116cd281ac19c412145b1f9efa66256864fafdc661b4ec51ee84ecf961d870'),
	('Lian', 1, '57397294Z', '2002-09-30', 'lian@gmail.com', '4570b17d595121a9c9dd28f4e1dbab32d9d4eed4fb53c7ad6afb20efdbf87288'),
	('Lucia ', 1, '87654378P', '1985-09-11', 'lucia@gmail.com', '5e96a6cf706c46feaeda94715b59ffa61c09f2d46c122ce7456f385de6c51a06'),
	('Oscar', 1, '75945035A', '2001-11-23', 'oscar@gmail.com', 'a3b0965009ed307b9de3e46898d5fcc9ad22b532bf566cf84eb4c7396e11795a'),
	('Ruoyan', 1, '48784878f', '1993-04-16', 'ruoyan22111@gmail.com', 'f0e4c2f76c58916ec258f246851bea091d14d4247a2fc3e18694461b1816e13b');
/*!40000 ALTER TABLE `CLIENTE` ENABLE KEYS */;

-- Volcando estructura para tabla priPictureka.EVENTOS
CREATE TABLE IF NOT EXISTS `EVENTOS` (
  `identificador` int(11) NOT NULL,
  `nombre` varchar(255) NOT NULL,
  `imagen` varchar(255) NOT NULL,
  `informacion` text NOT NULL,
  PRIMARY KEY (`identificador`)
) ENGINE=InnoDB DEFAULT CHARSET=utf8mb4;

-- Volcando datos para la tabla priPictureka.EVENTOS: ~4 rows (aproximadamente)
/*!40000 ALTER TABLE `EVENTOS` DISABLE KEYS */;
INSERT INTO `EVENTOS` (`identificador`, `nombre`, `imagen`, `informacion`) VALUES
	(1, 'Evento de pintura al óleo', 'Quitasol.png', 'Disfruta de una exposición de pintruas al óleo, dónde poder entender cómo se realizan estas pinturas a través de talleres, de la mano de grandes profesionales del sector.\n------Horario------\nLunes: 12:00 - 13:30'),
	(2, 'Evento Velázquez', 'LasMeninas.png', 'Observa todas las obras del famoso pintor Diego Velázquez, pintor barroco considerado uno de los máximos exponentes de la pintura española y maestro de la pintura universal.\n------Horario------\nMartes: Todo el día\nJueves: Todo el día'),
	(3, 'Evento Capilla Sixtina', 'Sixtina.jpg', '¿Sientes curiosidad por visitar la Capilla Sixtina?\nPues no esperes más, aquí te mostramos varias de esos frescos para analizar y aprender de su historia.\n------Horario------\nViernes: 18:00 - 21:00\nSábado: 11:00 - 15:00'),
	(4, 'Da Vinci: sus pinturas', 'Davinci.jpg', 'En la historia hemos vivido todas las pinturas de Davinci\n------Horario------\nMiércoles: Todo el día\nDomingo: 12:00 - 18:00');
/*!40000 ALTER TABLE `EVENTOS` ENABLE KEYS */;

-- Volcando estructura para tabla priPictureka.HISTORIAL
CREATE TABLE IF NOT EXISTS `HISTORIAL` (
  `Identificador` int(11) NOT NULL AUTO_INCREMENT,
  `TipoSensor` int(11) NOT NULL,
  `Lectura` float NOT NULL,
  `Fecha` timestamp NOT NULL DEFAULT current_timestamp(),
  PRIMARY KEY (`Identificador`) USING BTREE,
  KEY `FK_HISTORIAL_SENSORES` (`TipoSensor`),
  CONSTRAINT `FK_HISTORIAL_SENSORES` FOREIGN KEY (`TipoSensor`) REFERENCES `SENSORES` (`identificador`) ON DELETE NO ACTION ON UPDATE NO ACTION
) ENGINE=InnoDB AUTO_INCREMENT=3333 DEFAULT CHARSET=utf8mb4;

-- Volcando datos para la tabla priPictureka.HISTORIAL: ~3.063 rows (aproximadamente)
/*!40000 ALTER TABLE `HISTORIAL` DISABLE KEYS */;
INSERT INTO `HISTORIAL` (`Identificador`, `TipoSensor`, `Lectura`, `Fecha`) VALUES
	(1, 7, 52, '2022-05-15 00:59:26'),
	(2, 12, 13.1, '2022-05-15 00:59:26'),
	(3, 7, 60, '2022-05-15 00:59:33'),
	(4, 12, 13.1, '2022-05-15 00:59:33'),
	(5, 7, 61, '2022-05-15 00:59:40'),
	(6, 7, 61, '2022-05-15 00:59:47'),
	(7, 12, 13.1, '2022-05-15 00:59:47'),
	(8, 7, 61, '2022-05-15 00:59:54'),
	(9, 7, 60, '2022-05-15 01:00:01'),
	(10, 12, 13.1, '2022-05-15 01:00:01'),
	(11, 7, 60, '2022-05-15 01:00:09'),
	(12, 7, 61, '2022-05-15 01:00:15'),
	(13, 7, 60, '2022-05-15 01:00:23'),
	(14, 12, 13.1, '2022-05-15 01:00:23'),
	(15, 7, 60, '2022-05-15 01:00:30'),
	(16, 7, 61, '2022-05-15 01:00:38'),
	(17, 12, 13.1, '2022-05-15 01:00:38'),
	(18, 7, 61, '2022-05-15 01:00:45'),
	(19, 7, 61, '2022-05-15 01:00:52'),
	(20, 7, 60, '2022-05-15 01:00:59'),
	(21, 12, 13.1, '2022-05-15 01:00:59'),
	(22, 7, 52, '2022-05-15 01:01:07'),
	(23, 12, 13.1, '2022-05-15 01:01:07'),
	(24, 7, 61, '2022-05-15 01:01:14'),
	(25, 12, 13.2, '2022-05-15 01:01:14'),
	(26, 7, 60, '2022-05-15 01:01:21'),
	(27, 12, 13.1, '2022-05-15 01:01:21'),
	(28, 7, 60, '2022-05-15 01:01:28'),
	(29, 12, 13.1, '2022-05-15 01:01:28'),
	(30, 7, 60, '2022-05-15 01:01:36'),
	(31, 12, 13.2, '2022-05-15 01:01:36'),
	(32, 7, 61, '2022-05-15 01:01:42'),
	(33, 7, 60, '2022-05-15 01:01:50'),
	(34, 12, 13.2, '2022-05-15 01:01:50'),
	(35, 7, 60, '2022-05-15 01:01:57'),
	(36, 12, 13.2, '2022-05-15 01:01:57'),
	(37, 7, 61, '2022-05-15 01:02:04'),
	(38, 12, 13.2, '2022-05-15 01:02:04'),
	(39, 7, 60, '2022-05-15 01:02:11'),
	(40, 7, 60, '2022-05-15 01:02:18'),
	(41, 7, 60, '2022-05-15 01:02:25'),
	(42, 7, 60, '2022-05-15 01:02:33'),
	(43, 7, 60, '2022-05-15 01:02:40'),
	(44, 12, 13.2, '2022-05-15 01:02:40'),
	(45, 7, 60, '2022-05-15 01:02:47'),
	(46, 12, 13.2, '2022-05-15 01:02:47'),
	(47, 7, 60, '2022-05-15 01:02:53'),
	(48, 12, 13.2, '2022-05-15 01:02:54'),
	(49, 7, 60, '2022-05-15 01:03:01'),
	(50, 12, 13.2, '2022-05-15 01:03:01'),
	(51, 7, 60, '2022-05-15 01:03:08'),
	(52, 12, 13.2, '2022-05-15 01:03:08'),
	(53, 7, 60, '2022-05-15 01:03:15'),
	(54, 12, 13.2, '2022-05-15 01:03:15'),
	(55, 7, 52, '2022-05-15 01:03:23'),
	(56, 7, 60, '2022-05-15 01:03:31'),
	(57, 12, 13.2, '2022-05-15 01:03:31'),
	(58, 7, 60, '2022-05-15 01:03:38'),
	(59, 12, 26.5, '2022-05-15 01:03:38'),
	(60, 7, 60, '2022-05-15 01:03:45'),
	(61, 12, 13.2, '2022-05-15 01:03:45'),
	(62, 7, 60, '2022-05-15 01:03:52'),
	(63, 7, 60, '2022-05-15 01:03:59'),
	(64, 7, 60, '2022-05-15 01:04:06'),
	(65, 7, 60, '2022-05-15 01:04:13'),
	(66, 12, 26.5, '2022-05-15 01:04:13'),
	(67, 7, 60, '2022-05-15 01:04:20'),
	(68, 12, 26.5, '2022-05-15 01:04:20'),
	(69, 7, 60, '2022-05-15 01:04:27'),
	(70, 7, 61, '2022-05-15 01:04:35'),
	(71, 7, 60, '2022-05-15 01:04:42'),
	(72, 7, 60, '2022-05-15 01:04:49'),
	(73, 7, 60, '2022-05-15 01:04:56'),
	(74, 7, 60, '2022-05-15 01:05:04'),
	(75, 7, 60, '2022-05-15 01:05:11'),
	(76, 12, 26.5, '2022-05-15 01:05:11'),
	(77, 7, 60, '2022-05-15 01:05:18'),
	(78, 7, 60, '2022-05-15 01:05:26'),
	(79, 7, 60, '2022-05-15 01:05:32'),
	(80, 7, 61, '2022-05-15 01:05:39'),
	(81, 7, 60, '2022-05-15 01:05:47'),
	(82, 7, 60, '2022-05-15 01:05:53'),
	(83, 7, 61, '2022-05-15 01:06:00'),
	(84, 7, 60, '2022-05-15 01:06:08'),
	(85, 7, 60, '2022-05-15 01:06:15'),
	(86, 12, 26.5, '2022-05-15 01:06:15'),
	(87, 7, 60, '2022-05-15 01:06:22'),
	(88, 7, 60, '2022-05-15 01:06:29'),
	(89, 7, 58, '2022-05-15 01:06:35'),
	(90, 7, 60, '2022-05-15 01:06:42'),
	(91, 7, 60, '2022-05-15 01:06:49'),
	(92, 7, 61, '2022-05-15 01:06:59'),
	(93, 7, 60, '2022-05-15 01:07:06'),
	(94, 7, 61, '2022-05-15 01:07:13'),
	(95, 7, 60, '2022-05-15 01:07:19'),
	(96, 7, 61, '2022-05-15 01:07:26'),
	(97, 12, 26.5, '2022-05-15 01:07:26'),
	(98, 7, 60, '2022-05-15 01:07:33'),
	(99, 7, 61, '2022-05-15 01:07:40'),
	(100, 7, 60, '2022-05-15 01:07:47'),
	(101, 7, 60, '2022-05-15 01:07:54'),
	(102, 7, 60, '2022-05-15 01:08:01'),
	(103, 7, 60, '2022-05-15 01:08:07'),
	(104, 7, 60, '2022-05-15 01:08:14'),
	(105, 7, 60, '2022-05-15 01:08:21'),
	(106, 7, 60, '2022-05-15 01:08:28'),
	(107, 7, 60, '2022-05-15 01:08:35'),
	(108, 7, 60, '2022-05-15 01:08:41'),
	(109, 12, 26.5, '2022-05-15 01:08:41'),
	(110, 7, 60, '2022-05-15 01:08:48'),
	(111, 7, 60, '2022-05-15 01:08:55'),
	(112, 7, 58, '2022-05-15 01:09:02'),
	(113, 7, 60, '2022-05-15 01:09:09'),
	(114, 12, 13.2, '2022-05-15 01:09:09'),
	(115, 7, 60, '2022-05-15 01:09:17'),
	(116, 7, 61, '2022-05-15 01:09:23'),
	(117, 12, 13.2, '2022-05-15 01:09:23'),
	(118, 7, 60, '2022-05-15 01:09:30'),
	(119, 7, 60, '2022-05-15 01:09:38'),
	(120, 12, 13.2, '2022-05-15 01:09:38'),
	(121, 7, 60, '2022-05-15 01:09:44'),
	(122, 12, 13.2, '2022-05-15 01:09:44'),
	(123, 7, 60, '2022-05-15 01:09:51'),
	(124, 12, 13.2, '2022-05-15 01:09:51'),
	(125, 7, 60, '2022-05-15 01:09:58'),
	(126, 7, 61, '2022-05-15 01:10:06'),
	(127, 12, 13.2, '2022-05-15 01:10:06'),
	(128, 7, 60, '2022-05-15 01:10:12'),
	(129, 12, 13.2, '2022-05-15 01:10:12'),
	(130, 7, 60, '2022-05-15 01:10:19'),
	(131, 12, 13.2, '2022-05-15 01:10:19'),
	(132, 7, 61, '2022-05-15 01:10:26'),
	(133, 12, 13.2, '2022-05-15 01:10:26'),
	(134, 7, 61, '2022-05-15 01:10:33'),
	(135, 12, 13.2, '2022-05-15 01:10:33'),
	(136, 7, 60, '2022-05-15 01:10:40'),
	(137, 12, 13.2, '2022-05-15 01:10:40'),
	(138, 7, 53, '2022-05-15 01:10:47'),
	(139, 12, 13.2, '2022-05-15 01:10:47'),
	(140, 7, 60, '2022-05-15 01:10:54'),
	(141, 12, 13.2, '2022-05-15 01:10:54'),
	(142, 7, 60, '2022-05-15 01:11:01'),
	(143, 12, 13.2, '2022-05-15 01:11:01'),
	(144, 7, 60, '2022-05-15 01:11:08'),
	(145, 12, 13.2, '2022-05-15 01:11:08'),
	(146, 7, 52, '2022-05-16 01:11:15'),
	(147, 12, 13.2, '2022-05-15 01:11:15'),
	(148, 7, 60, '2022-05-17 01:11:21'),
	(149, 12, 13.2, '2022-05-15 01:11:21'),
	(150, 7, 52, '2022-05-15 01:11:29'),
	(151, 12, 13.2, '2022-05-15 01:11:29'),
	(152, 7, 58, '2022-05-15 01:11:36'),
	(153, 12, 13.2, '2022-05-15 01:11:37'),
	(154, 7, 60, '2022-05-15 01:11:43'),
	(155, 12, 13.2, '2022-05-15 01:11:44'),
	(156, 7, 60, '2022-05-15 01:11:51'),
	(157, 12, 13.2, '2022-05-15 01:11:51'),
	(158, 7, 60, '2022-05-15 01:11:58'),
	(159, 12, 13.2, '2022-05-15 01:11:58'),
	(160, 7, 60, '2022-05-15 01:12:05'),
	(161, 12, 13.2, '2022-05-15 01:12:05'),
	(162, 7, 57, '2022-05-15 01:12:12'),
	(163, 12, 13.2, '2022-05-15 01:12:12'),
	(164, 7, 60, '2022-05-15 01:12:19'),
	(165, 7, 60, '2022-05-15 01:12:25'),
	(166, 12, 13.2, '2022-05-15 01:12:25'),
	(167, 7, 60, '2022-05-15 01:12:33'),
	(168, 12, 13.2, '2022-05-15 01:12:33'),
	(169, 7, 60, '2022-05-15 01:12:40'),
	(170, 12, 13.2, '2022-05-15 01:12:40'),
	(171, 7, 60, '2022-05-15 01:12:47'),
	(172, 12, 13.2, '2022-05-15 01:12:47'),
	(173, 7, 51, '2022-05-15 01:12:54'),
	(174, 12, 13.2, '2022-05-15 01:12:54'),
	(175, 7, 60, '2022-05-15 01:13:00'),
	(176, 12, 13.2, '2022-05-15 01:13:00'),
	(177, 7, 60, '2022-05-15 01:13:08'),
	(178, 7, 58, '2022-05-15 01:13:14'),
	(179, 12, 13.2, '2022-05-15 01:13:15'),
	(180, 7, 58, '2022-05-15 01:13:22'),
	(181, 7, 57, '2022-05-15 01:13:28'),
	(182, 12, 26.5, '2022-05-15 01:13:28'),
	(183, 7, 58, '2022-05-15 01:13:36'),
	(184, 7, 58, '2022-05-15 01:13:43'),
	(185, 7, 58, '2022-05-15 01:13:50'),
	(186, 7, 60, '2022-05-15 01:13:57'),
	(187, 12, 26.5, '2022-05-15 01:13:57'),
	(188, 7, 60, '2022-05-15 01:14:04'),
	(189, 7, 58, '2022-05-15 01:14:11'),
	(190, 7, 58, '2022-05-15 01:14:19'),
	(191, 7, 58, '2022-05-15 01:14:26'),
	(461, 7, 210, '2022-05-15 01:38:02'),
	(462, 12, -14, '2022-05-15 01:38:02'),
	(463, 7, 210, '2022-05-15 01:38:10'),
	(464, 7, 219, '2022-05-15 01:38:18'),
	(465, 7, 221, '2022-05-15 01:38:24'),
	(466, 7, 224, '2022-05-15 01:38:32'),
	(467, 7, 218, '2022-05-15 01:38:39'),
	(468, 7, 208, '2022-05-15 01:38:46'),
	(469, 7, 209, '2022-05-15 01:38:53'),
	(470, 7, 208, '2022-05-15 01:39:00'),
	(471, 7, 207, '2022-05-15 01:39:06'),
	(472, 7, 208, '2022-05-15 01:39:14'),
	(473, 7, 209, '2022-05-15 01:39:21'),
	(474, 7, 209, '2022-05-15 01:39:27'),
	(475, 7, 209, '2022-05-15 01:39:35'),
	(476, 7, 210, '2022-05-15 01:39:41'),
	(477, 7, 211, '2022-05-15 01:39:48'),
	(478, 7, 213, '2022-05-15 01:39:55'),
	(479, 7, 207, '2022-05-15 01:40:02'),
	(480, 7, 213, '2022-05-15 01:40:08'),
	(481, 7, 214, '2022-05-15 01:40:15'),
	(482, 7, 216, '2022-05-15 01:40:22'),
	(483, 7, 217, '2022-05-15 01:40:29'),
	(484, 7, 217, '2022-05-15 01:40:35'),
	(485, 12, 27, '2022-05-15 01:40:36'),
	(486, 7, 217, '2022-05-15 01:40:43'),
	(487, 7, 217, '2022-05-15 01:40:50'),
	(488, 7, 229, '2022-05-15 01:40:58'),
	(489, 7, 80, '2022-05-15 01:41:05'),
	(490, 7, 80, '2022-05-15 01:41:12'),
	(491, 7, 80, '2022-05-15 01:41:19'),
	(492, 7, 79, '2022-05-15 01:41:26'),
	(493, 7, 79, '2022-05-15 01:41:32'),
	(494, 7, 78, '2022-05-15 01:41:39'),
	(495, 7, 78, '2022-05-15 01:41:46'),
	(496, 7, 78, '2022-05-15 01:41:53'),
	(497, 7, 78, '2022-05-15 01:42:00'),
	(498, 7, 78, '2022-05-15 01:42:07'),
	(499, 7, 78, '2022-05-15 01:42:14'),
	(500, 7, 78, '2022-05-15 01:42:20'),
	(501, 7, 168, '2022-05-15 01:42:27'),
	(502, 12, -13.9, '2022-05-15 01:42:27'),
	(503, 7, 7, '2022-05-15 01:42:56'),
	(504, 12, -13.9, '2022-05-15 01:42:56'),
	(505, 7, 7, '2022-05-15 01:43:04'),
	(506, 12, -13.9, '2022-05-15 01:43:04'),
	(507, 7, 14, '2022-05-15 01:43:11'),
	(508, 12, -13.9, '2022-05-15 01:43:11'),
	(509, 7, 14, '2022-05-15 01:43:18'),
	(510, 12, -13.9, '2022-05-15 01:43:18'),
	(511, 7, 14, '2022-05-15 01:43:25'),
	(512, 12, -13.9, '2022-05-15 01:43:25'),
	(513, 7, 14, '2022-05-15 01:43:33'),
	(514, 12, -13.9, '2022-05-15 01:43:33'),
	(515, 7, 14, '2022-05-15 01:43:39'),
	(516, 7, 14, '2022-05-15 01:43:46'),
	(517, 7, 14, '2022-05-15 01:43:53'),
	(518, 7, 14, '2022-05-15 01:44:00'),
	(519, 12, -13.9, '2022-05-15 01:44:00'),
	(520, 7, 14, '2022-05-15 01:44:08'),
	(521, 12, -13.9, '2022-05-15 01:44:08'),
	(522, 7, 100, '2022-05-15 01:44:14'),
	(523, 7, 114, '2022-05-15 01:44:21'),
	(524, 7, 90, '2022-05-15 01:44:28'),
	(525, 7, 92, '2022-05-15 01:44:35'),
	(526, 7, 90, '2022-05-15 01:44:42'),
	(527, 12, 27.2, '2022-05-15 01:44:42'),
	(528, 7, 89, '2022-05-15 01:44:49'),
	(529, 7, 72, '2022-05-15 01:44:57'),
	(530, 12, -13.9, '2022-05-15 01:44:57'),
	(531, 7, 69, '2022-05-15 01:45:03'),
	(532, 12, -13.9, '2022-05-15 01:45:03'),
	(533, 7, 65, '2022-05-15 01:45:10'),
	(534, 12, -13.9, '2022-05-15 01:45:10'),
	(535, 7, 61, '2022-05-15 01:45:17'),
	(536, 7, 58, '2022-05-15 01:45:23'),
	(537, 12, -13.9, '2022-05-15 01:45:23'),
	(538, 7, 55, '2022-05-15 01:45:30'),
	(539, 12, -13.9, '2022-05-15 01:45:30'),
	(540, 7, 54, '2022-05-15 01:45:36'),
	(541, 12, -13.9, '2022-05-15 01:45:36'),
	(542, 7, 52, '2022-05-15 01:45:43'),
	(543, 12, -13.9, '2022-05-15 01:45:43'),
	(544, 7, 50, '2022-05-15 01:45:50'),
	(545, 12, 27.2, '2022-05-15 01:45:50'),
	(546, 7, 41, '2022-05-15 01:45:57'),
	(547, 7, 49, '2022-05-15 01:46:03'),
	(548, 7, 48, '2022-05-15 01:46:11'),
	(549, 7, 46, '2022-05-15 01:46:18'),
	(550, 12, 27.2, '2022-05-15 01:46:18'),
	(551, 7, 45, '2022-05-15 01:46:24'),
	(552, 7, 48, '2022-05-15 01:46:31'),
	(553, 7, 46, '2022-05-15 01:46:38'),
	(554, 7, 46, '2022-05-15 01:46:45'),
	(555, 7, 45, '2022-05-15 01:46:52'),
	(556, 7, 44, '2022-05-15 01:46:58'),
	(557, 7, 44, '2022-05-15 01:47:06'),
	(558, 7, 43, '2022-05-15 01:47:13'),
	(559, 7, 42, '2022-05-15 01:47:20'),
	(560, 7, 33, '2022-05-15 01:47:27'),
	(561, 12, 27.2, '2022-05-15 01:47:27'),
	(562, 7, 27, '2022-05-15 01:47:33'),
	(563, 7, 42, '2022-05-15 01:47:40'),
	(564, 7, 43, '2022-05-15 01:47:47'),
	(565, 7, 42, '2022-05-15 01:47:53'),
	(566, 12, -13.9, '2022-05-15 01:47:53'),
	(567, 7, 42, '2022-05-15 01:48:00'),
	(568, 7, 42, '2022-05-15 01:48:07'),
	(569, 7, 42, '2022-05-15 01:48:14'),
	(570, 7, 41, '2022-05-15 01:48:21'),
	(571, 7, 41, '2022-05-15 01:48:28'),
	(572, 7, 27, '2022-05-15 01:48:34'),
	(573, 7, 30, '2022-05-15 01:48:41'),
	(574, 7, 31, '2022-05-15 01:48:48'),
	(575, 7, 31, '2022-05-15 01:48:55'),
	(576, 7, 31, '2022-05-15 01:49:02'),
	(577, 12, 27.1, '2022-05-15 01:49:02'),
	(578, 7, 31, '2022-05-15 01:49:08'),
	(579, 7, 31, '2022-05-15 01:49:14'),
	(580, 7, 31, '2022-05-15 01:49:21'),
	(581, 7, 30, '2022-05-15 01:49:29'),
	(582, 7, 24, '2022-05-15 01:49:35'),
	(583, 7, 31, '2022-05-15 01:49:42'),
	(584, 7, 31, '2022-05-15 01:49:49'),
	(585, 7, 24, '2022-05-15 01:49:56'),
	(586, 7, 30, '2022-05-15 01:50:02'),
	(587, 7, 30, '2022-05-15 01:50:09'),
	(588, 12, 27.1, '2022-05-15 01:50:09'),
	(589, 7, 31, '2022-05-15 01:50:16'),
	(590, 7, 37, '2022-05-15 01:50:23'),
	(591, 7, 37, '2022-05-15 01:50:30'),
	(592, 7, 37, '2022-05-15 01:50:36'),
	(593, 7, 37, '2022-05-15 01:50:44'),
	(594, 12, 27.1, '2022-05-15 01:50:44'),
	(595, 7, 37, '2022-05-15 01:50:51'),
	(596, 12, -14, '2022-05-15 01:50:51'),
	(597, 7, 36, '2022-05-15 01:50:58'),
	(598, 7, 36, '2022-05-15 01:51:05'),
	(599, 7, 29, '2022-05-15 01:51:13'),
	(600, 7, 36, '2022-05-15 01:51:19'),
	(601, 12, -14, '2022-05-15 01:51:19'),
	(602, 7, 37, '2022-05-15 01:51:26'),
	(603, 12, -14, '2022-05-15 01:51:26'),
	(604, 7, 30, '2022-05-15 01:51:33'),
	(605, 7, 30, '2022-05-15 01:51:39'),
	(606, 7, 30, '2022-05-15 01:51:46'),
	(607, 7, 31, '2022-05-15 01:51:53'),
	(608, 7, 31, '2022-05-15 01:52:00'),
	(609, 7, 31, '2022-05-15 01:52:06'),
	(610, 7, 31, '2022-05-15 01:52:13'),
	(611, 12, -14, '2022-05-15 01:52:13'),
	(612, 7, 31, '2022-05-15 01:52:19'),
	(613, 12, 27.1, '2022-05-15 01:52:19'),
	(614, 7, 31, '2022-05-15 01:52:27'),
	(615, 7, 31, '2022-05-15 01:52:33'),
	(616, 7, 31, '2022-05-15 01:52:40'),
	(617, 7, 31, '2022-05-15 01:52:47'),
	(618, 7, 31, '2022-05-15 01:52:54'),
	(619, 7, 31, '2022-05-15 01:53:01'),
	(620, 7, 31, '2022-05-15 01:53:07'),
	(621, 7, 32, '2022-05-15 01:53:14'),
	(622, 7, 36, '2022-05-15 01:53:21'),
	(623, 7, 38, '2022-05-15 01:53:27'),
	(624, 7, 38, '2022-05-15 01:53:34'),
	(625, 7, 38, '2022-05-15 01:53:40'),
	(626, 7, 38, '2022-05-15 01:53:47'),
	(627, 7, 38, '2022-05-15 01:53:54'),
	(628, 7, 43, '2022-05-15 01:54:23'),
	(629, 12, 27.1, '2022-05-15 01:54:23'),
	(630, 7, 43, '2022-05-15 01:54:30'),
	(631, 7, 51, '2022-05-15 01:54:37'),
	(632, 7, 50, '2022-05-15 01:54:44'),
	(633, 12, 27.1, '2022-05-15 01:54:44'),
	(634, 7, 55, '2022-05-15 01:54:50'),
	(635, 12, 27.1, '2022-05-15 01:54:50'),
	(636, 7, 55, '2022-05-15 01:54:57'),
	(637, 12, 27.1, '2022-05-15 01:54:58'),
	(638, 7, 56, '2022-05-15 01:55:04'),
	(639, 7, 49, '2022-05-15 01:55:11'),
	(640, 12, 27.1, '2022-05-15 01:55:11'),
	(641, 7, 56, '2022-05-15 01:55:17'),
	(642, 7, 56, '2022-05-15 01:55:24'),
	(643, 12, 27.1, '2022-05-15 01:55:24'),
	(644, 7, 56, '2022-05-15 01:55:31'),
	(645, 7, 50, '2022-05-15 01:56:18'),
	(646, 7, 50, '2022-05-15 01:56:25'),
	(647, 7, 57, '2022-05-15 01:56:31'),
	(648, 7, 57, '2022-05-15 01:56:37'),
	(649, 12, 27.1, '2022-05-15 01:56:38'),
	(650, 7, 57, '2022-05-15 01:56:44'),
	(651, 12, 27.1, '2022-05-15 01:56:44'),
	(652, 7, 57, '2022-05-15 01:56:50'),
	(653, 12, 27.1, '2022-05-15 01:56:50'),
	(654, 7, 56, '2022-05-15 01:56:57'),
	(655, 12, 27.1, '2022-05-15 01:56:58'),
	(656, 7, 56, '2022-05-15 01:57:04'),
	(657, 12, 27.1, '2022-05-15 01:57:04'),
	(658, 7, 56, '2022-05-15 01:57:10'),
	(659, 7, 56, '2022-05-15 01:57:17'),
	(660, 7, 56, '2022-05-15 01:57:23'),
	(661, 12, 27.1, '2022-05-15 01:57:24'),
	(662, 7, 56, '2022-05-15 01:57:30'),
	(663, 7, 56, '2022-05-15 01:57:37'),
	(664, 12, 27.1, '2022-05-15 01:57:37'),
	(665, 7, 49, '2022-05-15 01:57:44'),
	(666, 12, 27.1, '2022-05-15 01:57:44'),
	(667, 7, 56, '2022-05-15 01:57:51'),
	(668, 12, 27.1, '2022-05-15 01:57:51'),
	(669, 7, 56, '2022-05-15 01:57:57'),
	(670, 12, 27.1, '2022-05-15 01:57:57'),
	(671, 7, 56, '2022-05-15 01:58:03'),
	(672, 12, 27.1, '2022-05-15 01:58:03'),
	(673, 7, 56, '2022-05-15 01:58:10'),
	(674, 12, 27.1, '2022-05-15 01:58:10'),
	(675, 7, 56, '2022-05-15 01:58:17'),
	(676, 7, 55, '2022-05-15 01:58:24'),
	(677, 7, 56, '2022-05-15 01:58:30'),
	(678, 7, 55, '2022-05-15 01:58:36'),
	(679, 7, 55, '2022-05-15 01:58:44'),
	(680, 12, 27.1, '2022-05-15 01:58:45'),
	(681, 7, 49, '2022-05-15 01:58:51'),
	(682, 7, 48, '2022-05-15 01:58:58'),
	(683, 12, 27.1, '2022-05-15 01:58:58'),
	(684, 7, 55, '2022-05-15 01:59:04'),
	(685, 7, 55, '2022-05-15 01:59:11'),
	(686, 12, 27.1, '2022-05-15 01:59:11'),
	(687, 7, 55, '2022-05-15 01:59:18'),
	(688, 7, 55, '2022-05-15 01:59:25'),
	(689, 7, 54, '2022-05-15 01:59:31'),
	(690, 7, 54, '2022-05-15 01:59:38'),
	(691, 7, 55, '2022-05-15 01:59:44'),
	(692, 12, 27.1, '2022-05-15 01:59:45'),
	(693, 7, 55, '2022-05-15 01:59:51'),
	(694, 7, 55, '2022-05-15 01:59:58'),
	(695, 12, 27.1, '2022-05-15 01:59:58'),
	(696, 7, 54, '2022-05-15 02:00:05'),
	(697, 12, 27.1, '2022-05-15 02:00:05'),
	(698, 7, 53, '2022-05-15 02:00:12'),
	(699, 12, 27.1, '2022-05-15 02:00:12'),
	(700, 7, 55, '2022-05-15 02:00:19'),
	(701, 12, 27.1, '2022-05-15 02:00:19'),
	(702, 7, 46, '2022-05-15 02:00:25'),
	(703, 12, 27.1, '2022-05-15 02:00:26'),
	(704, 7, 54, '2022-05-15 02:00:32'),
	(705, 12, 27.1, '2022-05-15 02:00:33'),
	(706, 7, 54, '2022-05-15 02:00:39'),
	(707, 7, 48, '2022-05-15 02:00:46'),
	(708, 12, 27.1, '2022-05-15 02:00:46'),
	(709, 7, 54, '2022-05-15 02:00:52'),
	(710, 7, 54, '2022-05-15 02:00:59'),
	(711, 12, 27.1, '2022-05-15 02:01:00'),
	(712, 7, 54, '2022-05-15 02:01:07'),
	(713, 12, 27.1, '2022-05-15 02:01:07'),
	(714, 7, 53, '2022-05-15 02:01:14'),
	(715, 12, 27.1, '2022-05-15 02:01:14'),
	(716, 7, 53, '2022-05-15 02:01:20'),
	(717, 12, 27.1, '2022-05-15 02:01:20'),
	(718, 7, 54, '2022-05-15 02:01:27'),
	(719, 12, 27.1, '2022-05-15 02:01:27'),
	(720, 7, 54, '2022-05-15 02:01:34'),
	(721, 12, 27.1, '2022-05-15 02:01:34'),
	(722, 7, 53, '2022-05-15 02:01:40'),
	(723, 12, 27, '2022-05-15 02:01:40'),
	(724, 7, 54, '2022-05-15 02:01:47'),
	(725, 7, 53, '2022-05-15 02:01:54'),
	(726, 12, 27, '2022-05-15 02:01:55'),
	(727, 7, 53, '2022-05-15 02:02:01'),
	(728, 12, 27, '2022-05-15 02:02:02'),
	(729, 7, 53, '2022-05-15 02:02:08'),
	(730, 12, 27, '2022-05-15 02:02:08'),
	(731, 7, 53, '2022-05-15 02:02:15'),
	(732, 12, 27.1, '2022-05-15 02:02:15'),
	(733, 7, 53, '2022-05-15 02:02:22'),
	(734, 12, -14, '2022-05-15 02:02:22'),
	(735, 7, 53, '2022-05-15 02:02:29'),
	(736, 12, 27.1, '2022-05-15 02:02:29'),
	(737, 7, 52, '2022-05-15 02:02:36'),
	(738, 12, 27.1, '2022-05-15 02:02:36'),
	(739, 7, 52, '2022-05-15 02:02:43'),
	(740, 7, 52, '2022-05-15 02:02:50'),
	(741, 12, 27.1, '2022-05-15 02:02:50'),
	(742, 7, 53, '2022-05-15 02:02:57'),
	(743, 12, 27.1, '2022-05-15 02:02:57'),
	(744, 7, 53, '2022-05-15 02:03:04'),
	(745, 12, 27.1, '2022-05-15 02:03:04'),
	(746, 7, 53, '2022-05-15 02:03:11'),
	(747, 7, 53, '2022-05-15 02:03:17'),
	(748, 12, 27.1, '2022-05-15 02:03:17'),
	(749, 7, 52, '2022-05-15 02:03:24'),
	(750, 12, 27.1, '2022-05-15 02:03:24'),
	(751, 7, 46, '2022-05-15 02:03:31'),
	(752, 12, 27.1, '2022-05-15 02:03:31'),
	(753, 7, 53, '2022-05-15 02:03:38'),
	(754, 12, 27.1, '2022-05-15 02:03:38'),
	(755, 7, 53, '2022-05-15 02:03:45'),
	(756, 7, 53, '2022-05-15 02:03:52'),
	(757, 7, 53, '2022-05-15 02:03:59'),
	(758, 7, 52, '2022-05-15 02:04:06'),
	(759, 12, 27, '2022-05-15 02:04:06'),
	(760, 7, 53, '2022-05-15 02:04:13'),
	(761, 12, -14, '2022-05-15 02:04:13'),
	(762, 7, 46, '2022-05-15 02:04:20'),
	(763, 12, -14, '2022-05-15 02:04:20'),
	(764, 7, 52, '2022-05-15 02:04:27'),
	(765, 12, -14, '2022-05-15 02:04:27'),
	(766, 7, 53, '2022-05-15 02:04:34'),
	(767, 12, 27.1, '2022-05-15 02:04:34'),
	(768, 7, 52, '2022-05-15 02:04:41'),
	(769, 12, 27, '2022-05-15 02:04:41'),
	(770, 7, 53, '2022-05-15 02:04:48'),
	(771, 12, -14, '2022-05-15 02:04:48'),
	(772, 7, 46, '2022-05-15 02:04:55'),
	(773, 12, 27.1, '2022-05-15 02:04:55'),
	(774, 7, 52, '2022-05-15 02:05:02'),
	(775, 12, 27.1, '2022-05-15 02:05:02'),
	(776, 7, 53, '2022-05-15 02:05:09'),
	(777, 12, 27.1, '2022-05-15 02:05:09'),
	(778, 7, 52, '2022-05-15 02:05:15'),
	(779, 7, 52, '2022-05-15 02:05:22'),
	(780, 12, 27.1, '2022-05-15 02:05:22'),
	(781, 7, 53, '2022-05-15 02:05:29'),
	(782, 12, 27.1, '2022-05-15 02:05:29'),
	(783, 7, 52, '2022-05-15 02:05:36'),
	(784, 12, 27.1, '2022-05-15 02:05:36'),
	(785, 7, 52, '2022-05-15 02:05:43'),
	(786, 12, 27.1, '2022-05-15 02:05:43'),
	(787, 7, 52, '2022-05-15 02:05:50'),
	(788, 7, 53, '2022-05-15 02:05:57'),
	(789, 7, 52, '2022-05-15 02:06:04'),
	(790, 7, 52, '2022-05-15 02:06:10'),
	(791, 7, 52, '2022-05-15 02:06:17'),
	(792, 12, 27.1, '2022-05-15 02:06:18'),
	(793, 7, 53, '2022-05-15 02:06:25'),
	(794, 12, 27.1, '2022-05-15 02:06:25'),
	(795, 7, 46, '2022-05-15 02:06:31'),
	(796, 12, 27.1, '2022-05-15 02:06:31'),
	(797, 7, 52, '2022-05-15 02:06:38'),
	(798, 12, 27.1, '2022-05-15 02:06:38'),
	(799, 7, 46, '2022-05-15 02:07:07'),
	(800, 12, 27.1, '2022-05-15 02:07:07'),
	(801, 11, 2461.9, '2022-05-15 02:07:08'),
	(802, 10, 21.51, '2022-05-15 02:07:08'),
	(803, 7, 46, '2022-05-15 02:07:14'),
	(804, 11, 2462.98, '2022-05-15 02:07:15'),
	(805, 10, 21.51, '2022-05-15 02:07:15'),
	(806, 7, 53, '2022-05-15 02:07:21'),
	(807, 11, 2455.13, '2022-05-15 02:07:22'),
	(808, 10, 21.51, '2022-05-15 02:07:22'),
	(809, 7, 46, '2022-05-15 02:07:28'),
	(810, 12, 27.1, '2022-05-15 02:07:29'),
	(811, 11, 40.05, '2022-05-15 02:07:29'),
	(812, 10, 21.51, '2022-05-15 02:07:29'),
	(813, 7, 53, '2022-05-15 02:07:35'),
	(814, 11, 2455.33, '2022-05-15 02:07:36'),
	(815, 10, 21.54, '2022-05-15 02:07:36'),
	(816, 7, 53, '2022-05-15 02:07:42'),
	(817, 12, 27.1, '2022-05-15 02:07:42'),
	(818, 11, 2458.78, '2022-05-15 02:07:43'),
	(819, 10, 21.56, '2022-05-15 02:07:43'),
	(820, 7, 53, '2022-05-15 02:07:49'),
	(821, 11, 2460.99, '2022-05-15 02:07:50'),
	(822, 10, 22.09, '2022-05-15 02:07:50'),
	(823, 7, 53, '2022-05-15 02:07:56'),
	(824, 12, 27.1, '2022-05-15 02:07:56'),
	(825, 11, 2455.18, '2022-05-15 02:07:56'),
	(826, 10, 21.13, '2022-05-15 02:07:56'),
	(827, 7, 52, '2022-05-15 02:08:03'),
	(828, 11, 2455.21, '2022-05-15 02:08:03'),
	(829, 10, 21.1, '2022-05-15 02:08:03'),
	(830, 7, 53, '2022-05-15 02:08:10'),
	(831, 12, 27.1, '2022-05-15 02:08:10'),
	(832, 11, 2458.92, '2022-05-15 02:08:10'),
	(833, 10, 21.13, '2022-05-15 02:08:10'),
	(834, 7, 46, '2022-05-15 02:08:16'),
	(835, 12, 27.1, '2022-05-15 02:08:16'),
	(836, 11, 2455.27, '2022-05-15 02:08:16'),
	(837, 10, 21.51, '2022-05-15 02:08:16'),
	(838, 7, 53, '2022-05-15 02:08:22'),
	(839, 11, 57.8, '2022-05-15 02:08:23'),
	(840, 10, 21.56, '2022-05-15 02:08:23'),
	(841, 7, 52, '2022-05-15 02:08:29'),
	(842, 12, 27.1, '2022-05-15 02:08:29'),
	(843, 11, 56.96, '2022-05-15 02:08:29'),
	(844, 10, 21.13, '2022-05-15 02:08:29'),
	(845, 7, 52, '2022-05-15 02:08:35'),
	(846, 11, 55.97, '2022-05-15 02:08:36'),
	(847, 10, 21.51, '2022-05-15 02:08:36'),
	(848, 7, 52, '2022-05-15 02:08:42'),
	(849, 12, 27.1, '2022-05-15 02:08:42'),
	(850, 11, 2461.44, '2022-05-15 02:08:42'),
	(851, 10, 21.51, '2022-05-15 02:08:42'),
	(852, 7, 53, '2022-05-15 02:08:48'),
	(853, 11, 79.54, '2022-05-15 02:08:48'),
	(854, 10, 21.53, '2022-05-15 02:08:48'),
	(855, 7, 52, '2022-05-15 02:08:55'),
	(856, 12, 27.1, '2022-05-15 02:08:55'),
	(857, 11, 13.5, '2022-05-15 02:08:55'),
	(858, 10, 21.54, '2022-05-15 02:08:55'),
	(859, 7, 52, '2022-05-15 02:09:01'),
	(860, 12, 27.1, '2022-05-15 02:09:02'),
	(861, 11, 2455.44, '2022-05-15 02:09:02'),
	(862, 10, 21.53, '2022-05-15 02:09:02'),
	(863, 7, 53, '2022-05-15 02:09:08'),
	(864, 11, 2462.14, '2022-05-15 02:09:09'),
	(865, 10, 21.13, '2022-05-15 02:09:09'),
	(866, 7, 53, '2022-05-15 02:09:15'),
	(867, 12, 27.1, '2022-05-15 02:09:15'),
	(868, 11, 2454.89, '2022-05-15 02:09:16'),
	(869, 10, 21.13, '2022-05-15 02:09:16'),
	(870, 7, 53, '2022-05-15 02:09:22'),
	(871, 11, 15.2, '2022-05-15 02:09:23'),
	(872, 10, 21.13, '2022-05-15 02:09:23'),
	(873, 7, 53, '2022-05-15 02:09:29'),
	(874, 12, 27.1, '2022-05-15 02:09:29'),
	(875, 11, 12.61, '2022-05-15 02:09:29'),
	(876, 10, 21.15, '2022-05-15 02:09:29'),
	(877, 7, 52, '2022-05-15 02:09:36'),
	(878, 12, 27.1, '2022-05-15 02:09:36'),
	(879, 11, 12.62, '2022-05-15 02:09:36'),
	(880, 10, 21.58, '2022-05-15 02:09:36'),
	(881, 7, 53, '2022-05-15 02:09:43'),
	(882, 12, 27.1, '2022-05-15 02:09:43'),
	(883, 11, 13.04, '2022-05-15 02:09:43'),
	(884, 10, 21.15, '2022-05-15 02:09:43'),
	(885, 7, 52, '2022-05-15 02:09:49'),
	(886, 12, 27.1, '2022-05-15 02:09:50'),
	(887, 11, 13.04, '2022-05-15 02:09:50'),
	(888, 10, 21.13, '2022-05-15 02:09:50'),
	(889, 7, 51, '2022-05-15 02:09:56'),
	(890, 11, 12.62, '2022-05-15 02:09:57'),
	(891, 10, 21.11, '2022-05-15 02:09:57'),
	(892, 7, 52, '2022-05-15 02:10:03'),
	(893, 11, 11.89, '2022-05-15 02:10:03'),
	(894, 10, 21.54, '2022-05-15 02:10:03'),
	(895, 7, 52, '2022-05-15 02:10:09'),
	(896, 12, 27.1, '2022-05-15 02:10:09'),
	(897, 11, 11.89, '2022-05-15 02:10:09'),
	(898, 10, 21.13, '2022-05-15 02:10:09'),
	(899, 7, 45, '2022-05-15 02:10:16'),
	(900, 12, 27.1, '2022-05-15 02:10:16'),
	(901, 11, 13.5, '2022-05-15 02:10:16'),
	(902, 10, 21.54, '2022-05-15 02:10:16'),
	(903, 7, 45, '2022-05-15 02:10:22'),
	(904, 12, 27.1, '2022-05-15 02:10:23'),
	(905, 11, 17.56, '2022-05-15 02:10:23'),
	(906, 10, 21.13, '2022-05-15 02:10:23'),
	(907, 7, 52, '2022-05-15 02:10:29'),
	(908, 11, 56.43, '2022-05-15 02:10:30'),
	(909, 10, 21.54, '2022-05-15 02:10:30'),
	(910, 7, 52, '2022-05-15 02:10:36'),
	(911, 12, 27.1, '2022-05-15 02:10:37'),
	(912, 11, 14.58, '2022-05-15 02:10:37'),
	(913, 10, 21.51, '2022-05-15 02:10:37'),
	(914, 7, 52, '2022-05-15 02:10:43'),
	(915, 12, 27, '2022-05-15 02:10:43'),
	(916, 11, 15.09, '2022-05-15 02:10:44'),
	(917, 10, 21.54, '2022-05-15 02:10:44'),
	(918, 7, 51, '2022-05-15 02:10:50'),
	(919, 12, 27.1, '2022-05-15 02:10:50'),
	(920, 11, 15.15, '2022-05-15 02:10:50'),
	(921, 10, 21.54, '2022-05-15 02:10:50'),
	(922, 7, 52, '2022-05-15 02:10:56'),
	(923, 12, 27, '2022-05-15 02:10:56'),
	(924, 11, 29.5, '2022-05-15 02:10:56'),
	(925, 10, 21.51, '2022-05-15 02:10:56'),
	(926, 7, 51, '2022-05-15 02:11:03'),
	(927, 12, -14, '2022-05-15 02:11:03'),
	(928, 11, 14.32, '2022-05-15 02:11:03'),
	(929, 10, 21.54, '2022-05-15 02:11:03'),
	(930, 7, 51, '2022-05-15 02:11:10'),
	(931, 12, 27, '2022-05-15 02:11:10'),
	(932, 11, 16.42, '2022-05-15 02:11:10'),
	(933, 10, 21.56, '2022-05-15 02:11:10'),
	(934, 7, 51, '2022-05-15 02:11:16'),
	(935, 12, -14, '2022-05-15 02:11:16'),
	(936, 11, 16.84, '2022-05-15 02:11:16'),
	(937, 10, 21.13, '2022-05-15 02:11:16'),
	(938, 7, 52, '2022-05-15 02:11:23'),
	(939, 11, 15.16, '2022-05-15 02:11:23'),
	(940, 10, 21.17, '2022-05-15 02:11:23'),
	(941, 7, 51, '2022-05-15 02:11:29'),
	(942, 12, 27.1, '2022-05-15 02:11:30'),
	(943, 11, 40.03, '2022-05-15 02:11:30'),
	(944, 10, 21.53, '2022-05-15 02:11:30'),
	(945, 7, 52, '2022-05-15 02:11:36'),
	(946, 12, 27.1, '2022-05-15 02:11:36'),
	(947, 11, 19.35, '2022-05-15 02:11:36'),
	(948, 10, 21.54, '2022-05-15 02:11:36'),
	(949, 7, 51, '2022-05-15 02:11:42'),
	(950, 11, 47.55, '2022-05-15 02:11:43'),
	(951, 10, 21.51, '2022-05-15 02:11:43'),
	(952, 7, 51, '2022-05-15 02:11:49'),
	(953, 11, 38.78, '2022-05-15 02:11:50'),
	(954, 10, 21.13, '2022-05-15 02:11:50'),
	(955, 7, 51, '2022-05-15 02:11:56'),
	(956, 12, 27.1, '2022-05-15 02:11:56'),
	(957, 11, 15.39, '2022-05-15 02:11:56'),
	(958, 10, 21.51, '2022-05-15 02:11:56'),
	(959, 7, 51, '2022-05-15 02:12:03'),
	(960, 12, 27.1, '2022-05-15 02:12:03'),
	(961, 11, 61.36, '2022-05-15 02:12:04'),
	(962, 10, 21.51, '2022-05-15 02:12:04'),
	(963, 7, 51, '2022-05-15 02:12:10'),
	(964, 12, 27.1, '2022-05-18 02:12:10'),
	(965, 11, 2454.6, '2022-05-15 02:12:11'),
	(966, 10, 21.13, '2022-05-15 02:12:11'),
	(967, 7, 51, '2022-05-15 02:12:17'),
	(968, 12, 27.1, '2022-05-16 02:12:17'),
	(969, 11, 2455.97, '2022-05-15 02:12:17'),
	(970, 10, 21.51, '2022-05-15 02:12:17'),
	(971, 7, 51, '2022-05-15 02:12:24'),
	(972, 12, 27.1, '2022-05-17 02:12:24'),
	(973, 11, 15.2, '2022-05-15 02:12:25'),
	(974, 10, 21.54, '2022-05-15 02:12:25'),
	(975, 7, 44, '2022-05-15 02:12:31'),
	(976, 12, 27.1, '2022-05-15 02:12:31'),
	(977, 11, 55.73, '2022-05-15 02:12:31'),
	(978, 10, 21.15, '2022-05-15 02:12:31'),
	(979, 7, 44, '2022-05-15 02:12:38'),
	(980, 12, 27.1, '2022-05-15 02:12:38'),
	(981, 11, 13.91, '2022-05-15 02:12:38'),
	(982, 10, 21.53, '2022-05-15 02:12:38'),
	(983, 7, 51, '2022-05-15 02:12:44'),
	(984, 12, 27.1, '2022-05-15 02:12:45'),
	(985, 11, 30.7, '2022-05-15 02:12:45'),
	(986, 10, 21.58, '2022-05-15 02:12:45'),
	(987, 7, 51, '2022-05-15 02:12:51'),
	(988, 11, 2461.75, '2022-05-15 02:12:52'),
	(989, 10, 21.51, '2022-05-15 02:12:52'),
	(990, 7, 51, '2022-05-15 02:12:58'),
	(991, 12, 27.1, '2022-05-15 02:12:58'),
	(992, 11, 2454.67, '2022-05-15 02:12:59'),
	(993, 10, 21.13, '2022-05-15 02:12:59'),
	(994, 7, 50, '2022-05-15 02:13:05'),
	(995, 12, 27.1, '2022-05-15 02:13:06'),
	(996, 11, 14.79, '2022-05-15 02:13:06'),
	(997, 10, 21.54, '2022-05-15 02:13:06'),
	(998, 7, 50, '2022-05-15 02:13:12'),
	(999, 11, 45.32, '2022-05-15 02:13:13'),
	(1000, 10, 21.54, '2022-05-15 02:13:13'),
	(1001, 7, 50, '2022-05-15 02:13:19'),
	(1002, 12, 27.1, '2022-05-15 02:13:20'),
	(1003, 11, 14.17, '2022-05-15 02:13:20'),
	(1004, 10, 21.1, '2022-05-15 02:13:20'),
	(1005, 7, 50, '2022-05-15 02:13:27'),
	(1006, 11, 86.21, '2022-05-15 02:13:27'),
	(1007, 10, 47.74, '2022-05-15 02:13:27'),
	(1008, 7, 50, '2022-05-15 02:13:33'),
	(1009, 12, 27.1, '2022-05-15 02:13:33'),
	(1010, 11, 45.61, '2022-05-15 02:13:34'),
	(1011, 10, 21.17, '2022-05-15 02:13:34'),
	(1012, 7, 50, '2022-05-15 02:13:40'),
	(1013, 12, 27.1, '2022-05-15 02:13:41'),
	(1014, 11, 15.95, '2022-05-15 02:13:41'),
	(1015, 10, 21.51, '2022-05-15 02:13:41'),
	(1016, 7, 50, '2022-05-15 02:13:47'),
	(1017, 11, 49.35, '2022-05-15 02:13:48'),
	(1018, 10, 21.13, '2022-05-15 02:13:48'),
	(1019, 7, 50, '2022-05-15 02:13:56'),
	(1020, 12, 27.1, '2022-05-15 02:13:56'),
	(1021, 11, 12.5, '2022-05-15 02:13:57'),
	(1022, 10, 21.51, '2022-05-15 02:13:57'),
	(1023, 7, 50, '2022-05-15 02:14:03'),
	(1024, 12, 27.1, '2022-05-15 02:14:04'),
	(1025, 11, 7, '2022-05-15 02:14:04'),
	(1026, 10, 21.96, '2022-05-15 02:14:04'),
	(1027, 7, 50, '2022-05-15 02:14:10'),
	(1028, 12, 27.1, '2022-05-15 02:14:10'),
	(1029, 11, 2455.15, '2022-05-15 02:14:11'),
	(1030, 10, 21.15, '2022-05-15 02:14:11'),
	(1031, 7, 50, '2022-05-15 02:14:17'),
	(1032, 11, 2456.86, '2022-05-15 02:14:17'),
	(1033, 10, 21.56, '2022-05-15 02:14:17'),
	(1034, 7, 49, '2022-05-15 02:14:24'),
	(1035, 12, 27.1, '2022-05-15 02:14:24'),
	(1036, 11, 2456.38, '2022-05-15 02:14:24'),
	(1037, 10, 19.83, '2022-05-15 02:14:24'),
	(1038, 7, 49, '2022-05-15 02:14:30'),
	(1039, 12, 27.1, '2022-05-15 02:14:30'),
	(1040, 11, 2454.53, '2022-05-15 02:14:31'),
	(1041, 10, 21.1, '2022-05-15 02:14:31'),
	(1042, 7, 41, '2022-05-15 02:15:00'),
	(1043, 12, 27.1, '2022-05-15 02:15:00'),
	(1044, 11, 2461.51, '2022-05-15 02:15:00'),
	(1045, 10, 21.1, '2022-05-15 02:15:00'),
	(1046, 7, 48, '2022-05-15 02:15:12'),
	(1047, 12, 27, '2022-05-15 02:15:12'),
	(1048, 11, 2459.01, '2022-05-15 02:15:12'),
	(1049, 10, 21.51, '2022-05-15 02:15:12'),
	(1050, 7, 48, '2022-05-15 02:15:24'),
	(1051, 12, 27, '2022-05-15 02:15:24'),
	(1052, 11, 2460.89, '2022-05-15 02:15:24'),
	(1053, 10, 21.1, '2022-05-15 02:15:24'),
	(1054, 7, 48, '2022-05-15 02:15:36'),
	(1055, 11, 8.95, '2022-05-15 02:15:37'),
	(1056, 10, 21.1, '2022-05-15 02:15:37'),
	(1057, 7, 46, '2022-05-15 02:15:48'),
	(1058, 12, 27, '2022-05-15 02:15:48'),
	(1059, 11, 10.65, '2022-05-15 02:15:48'),
	(1060, 10, 21.54, '2022-05-15 02:15:48'),
	(1061, 7, 40, '2022-05-15 02:16:00'),
	(1062, 12, 27, '2022-05-15 02:16:00'),
	(1063, 11, 42.9, '2022-05-15 02:16:00'),
	(1064, 10, 21.54, '2022-05-15 02:16:00'),
	(1065, 7, 48, '2022-05-15 02:16:12'),
	(1066, 12, 27, '2022-05-15 02:16:12'),
	(1067, 11, 2460.51, '2022-05-15 02:16:12'),
	(1068, 10, 21.51, '2022-05-15 02:16:12'),
	(1069, 7, 46, '2022-05-15 02:16:24'),
	(1070, 12, 27, '2022-05-15 02:16:24'),
	(1071, 11, 43.65, '2022-05-15 02:16:24'),
	(1072, 10, 21.51, '2022-05-15 02:16:24'),
	(1073, 7, 46, '2022-05-15 02:16:36'),
	(1074, 12, 27, '2022-05-15 02:16:36'),
	(1075, 11, 44.41, '2022-05-15 02:16:36'),
	(1076, 10, 21.51, '2022-05-15 02:16:36'),
	(1077, 7, 46, '2022-05-15 02:16:48'),
	(1078, 12, 27, '2022-05-15 02:16:48'),
	(1079, 11, 2460.75, '2022-05-15 02:16:48'),
	(1080, 10, 21.54, '2022-05-15 02:16:48'),
	(1081, 7, 46, '2022-05-15 02:17:00'),
	(1082, 12, 27, '2022-05-15 02:17:00'),
	(1083, 11, 42.33, '2022-05-15 02:17:00'),
	(1084, 10, 21.13, '2022-05-15 02:17:00'),
	(1085, 7, 46, '2022-05-15 02:17:12'),
	(1086, 12, 27, '2022-05-15 02:17:13'),
	(1087, 11, 42.4, '2022-05-15 02:17:13'),
	(1088, 10, 21.13, '2022-05-15 02:17:13'),
	(1089, 7, 45, '2022-05-15 02:17:24'),
	(1090, 12, 27, '2022-05-15 02:17:25'),
	(1091, 11, 9.37, '2022-05-15 02:17:25'),
	(1092, 10, 21.13, '2022-05-15 02:17:25'),
	(1093, 7, 45, '2022-05-15 02:17:36'),
	(1094, 12, 27, '2022-05-15 02:17:36'),
	(1095, 11, 9.35, '2022-05-15 02:17:36'),
	(1096, 10, 21.54, '2022-05-15 02:17:36'),
	(1097, 7, 45, '2022-05-15 02:17:48'),
	(1098, 12, 27, '2022-05-15 02:17:49'),
	(1099, 11, 9.42, '2022-05-15 02:17:49'),
	(1100, 10, 21.13, '2022-05-15 02:17:49'),
	(1101, 7, 45, '2022-05-15 02:18:00'),
	(1102, 11, 9.67, '2022-05-15 02:18:00'),
	(1103, 10, 21.51, '2022-05-15 02:18:00'),
	(1104, 7, 39, '2022-05-15 02:18:12'),
	(1105, 12, 27, '2022-05-15 02:18:13'),
	(1106, 11, 9.38, '2022-05-15 02:18:13'),
	(1107, 10, 21.51, '2022-05-15 02:18:13'),
	(1108, 7, 45, '2022-05-15 02:18:24'),
	(1109, 12, 27, '2022-05-15 02:18:24'),
	(1110, 11, 10.09, '2022-05-15 02:18:25'),
	(1111, 10, 21.51, '2022-05-15 02:18:25'),
	(1112, 7, 45, '2022-05-15 02:18:36'),
	(1113, 12, 27, '2022-05-15 02:18:37'),
	(1114, 11, 10.14, '2022-05-15 02:18:37'),
	(1115, 10, 21.54, '2022-05-15 02:18:37'),
	(1116, 7, 38, '2022-05-15 02:18:49'),
	(1117, 12, 27, '2022-05-15 02:18:49'),
	(1118, 11, 2462.95, '2022-05-15 02:18:49'),
	(1119, 10, 21.54, '2022-05-15 02:18:49'),
	(1120, 7, 45, '2022-05-15 02:19:01'),
	(1121, 12, 27.1, '2022-05-15 02:19:01'),
	(1122, 11, 2462.62, '2022-05-15 02:19:01'),
	(1123, 10, 21.1, '2022-05-15 02:19:01'),
	(1124, 7, 40, '2022-05-15 02:19:13'),
	(1125, 12, 27.1, '2022-05-15 02:19:13'),
	(1126, 11, 341.48, '2022-05-15 02:19:14'),
	(1127, 10, 21.48, '2022-05-15 02:19:14'),
	(1128, 7, 39, '2022-05-15 02:19:25'),
	(1129, 12, 27.1, '2022-05-15 02:19:26'),
	(1130, 11, 19.66, '2022-05-15 02:19:26'),
	(1131, 10, 21.48, '2022-05-15 02:19:26'),
	(1132, 7, 39, '2022-05-15 02:19:37'),
	(1133, 11, 15.93, '2022-05-15 02:19:37'),
	(1134, 10, 21.49, '2022-05-15 02:19:37'),
	(1135, 7, 40, '2022-05-15 02:19:49'),
	(1136, 12, 27.1, '2022-05-15 02:19:49'),
	(1137, 11, 10.82, '2022-05-15 02:19:50'),
	(1138, 10, 21.48, '2022-05-15 02:19:50'),
	(1139, 7, 40, '2022-05-15 02:20:01'),
	(1140, 11, 10.86, '2022-05-15 02:20:02'),
	(1141, 10, 21.96, '2022-05-15 02:20:02'),
	(1142, 7, 39, '2022-05-15 02:20:13'),
	(1143, 11, 9.79, '2022-05-15 02:20:13'),
	(1144, 10, 21.9, '2022-05-15 02:20:13'),
	(1145, 7, 39, '2022-05-15 02:20:25'),
	(1146, 12, 27.1, '2022-05-15 02:20:25'),
	(1147, 11, 8.95, '2022-05-15 02:20:26'),
	(1148, 10, 21.06, '2022-05-15 02:20:26'),
	(1149, 7, 40, '2022-05-15 02:20:37'),
	(1150, 12, 27.1, '2022-05-15 02:20:38'),
	(1151, 11, 29.52, '2022-05-15 02:20:38'),
	(1152, 10, 21.48, '2022-05-15 02:20:38'),
	(1153, 7, 53, '2022-05-15 02:20:50'),
	(1154, 11, 9.26, '2022-05-15 02:20:50'),
	(1155, 10, 21.89, '2022-05-15 02:20:50'),
	(1156, 7, 51, '2022-05-15 02:21:01'),
	(1157, 12, 27.1, '2022-05-15 02:21:02'),
	(1158, 11, 9.52, '2022-05-15 02:21:02'),
	(1159, 10, 21.82, '2022-05-15 02:21:02'),
	(1160, 7, 44, '2022-05-15 02:21:13'),
	(1161, 12, 27.1, '2022-05-15 02:21:13'),
	(1162, 11, 44.39, '2022-05-15 02:21:13'),
	(1163, 10, 21.89, '2022-05-15 02:21:13'),
	(1164, 7, 50, '2022-05-15 02:21:25'),
	(1165, 12, 27.1, '2022-05-15 02:21:25'),
	(1166, 11, 2508.59, '2022-05-15 02:21:25'),
	(1167, 10, 21.46, '2022-05-15 02:21:25'),
	(1168, 7, 57, '2022-05-15 02:21:37'),
	(1169, 11, 9.38, '2022-05-15 02:21:38'),
	(1170, 10, 21.89, '2022-05-15 02:21:38'),
	(1171, 7, 55, '2022-05-15 02:21:49'),
	(1172, 12, 27.1, '2022-05-15 02:21:50'),
	(1173, 11, 2503.82, '2022-05-15 02:21:50'),
	(1174, 10, 21.89, '2022-05-15 02:21:50'),
	(1175, 7, 69, '2022-05-15 02:22:26'),
	(1176, 12, 27.1, '2022-05-15 02:22:26'),
	(1177, 11, 9.83, '2022-05-15 02:22:27'),
	(1178, 10, 21.85, '2022-05-15 02:22:27'),
	(1179, 7, 78, '2022-05-15 02:22:49'),
	(1180, 11, 12.52, '2022-05-15 02:22:49'),
	(1181, 10, 21.85, '2022-05-15 02:22:49'),
	(1182, 7, 80, '2022-05-15 02:23:11'),
	(1183, 12, 27, '2022-05-15 02:23:11'),
	(1184, 11, 10.31, '2022-05-15 02:23:11'),
	(1185, 10, 21.46, '2022-05-15 02:23:11'),
	(1186, 7, 81, '2022-05-15 02:23:33'),
	(1187, 11, 11.2, '2022-05-15 02:23:34'),
	(1188, 10, 21.89, '2022-05-15 02:23:34'),
	(1189, 7, 81, '2022-05-15 02:23:56'),
	(1190, 11, 2487.56, '2022-05-15 02:23:56'),
	(1191, 10, 21.82, '2022-05-15 02:23:56'),
	(1192, 7, 84, '2022-05-15 02:24:39'),
	(1193, 12, 27, '2022-05-15 02:24:39'),
	(1194, 11, 58.75, '2022-05-15 02:24:39'),
	(1195, 10, 21.82, '2022-05-15 02:24:39'),
	(1196, 7, 89, '2022-05-15 02:25:02'),
	(1197, 12, 27, '2022-05-15 02:25:02'),
	(1198, 11, 9.76, '2022-05-15 02:25:02'),
	(1199, 10, 21.82, '2022-05-15 02:25:02'),
	(1200, 7, 90, '2022-05-15 02:25:24'),
	(1201, 12, 27, '2022-05-15 02:25:24'),
	(1202, 11, 44.29, '2022-05-15 02:25:24'),
	(1203, 10, 21.41, '2022-05-15 02:25:24'),
	(1204, 7, 91, '2022-05-15 02:25:46'),
	(1205, 12, 27, '2022-05-15 02:25:46'),
	(1206, 11, 11.17, '2022-05-15 02:25:46'),
	(1207, 10, 21.41, '2022-05-15 02:25:46'),
	(1208, 7, 93, '2022-05-15 02:26:09'),
	(1209, 12, 27, '2022-05-15 02:26:09'),
	(1210, 11, 2490.29, '2022-05-15 02:26:09'),
	(1211, 10, 21.82, '2022-05-15 02:26:09'),
	(1212, 7, 94, '2022-05-15 02:26:31'),
	(1213, 12, 27, '2022-05-15 02:26:31'),
	(1214, 11, 2490.89, '2022-05-15 02:26:31'),
	(1215, 10, 21.44, '2022-05-15 02:26:31'),
	(1216, 7, 94, '2022-05-15 02:26:53'),
	(1217, 12, 27.1, '2022-05-15 02:26:53'),
	(1218, 11, 340.7, '2022-05-15 02:26:53'),
	(1219, 10, 21.82, '2022-05-15 02:26:53'),
	(1220, 7, 94, '2022-05-15 02:27:15'),
	(1221, 11, 55.49, '2022-05-15 02:27:15'),
	(1222, 10, 21.44, '2022-05-15 02:27:15'),
	(1223, 7, 94, '2022-05-15 02:27:37'),
	(1224, 11, 9.91, '2022-05-15 02:27:37'),
	(1225, 10, 21.44, '2022-05-15 02:27:37'),
	(1226, 7, 94, '2022-05-15 02:27:59'),
	(1227, 11, 2490.87, '2022-05-15 02:27:59'),
	(1228, 10, 21.44, '2022-05-15 02:27:59'),
	(1229, 7, 94, '2022-05-15 02:28:21'),
	(1230, 11, 2490.69, '2022-05-15 02:28:21'),
	(1231, 10, 21.44, '2022-05-15 02:28:21'),
	(1232, 7, 94, '2022-05-15 02:28:43'),
	(1233, 11, 44.79, '2022-05-15 02:28:43'),
	(1234, 10, 21.46, '2022-05-15 02:28:43'),
	(1235, 7, 94, '2022-05-15 02:29:05'),
	(1236, 12, 27, '2022-05-15 02:29:05'),
	(1237, 11, 43.58, '2022-05-15 02:29:05'),
	(1238, 10, 21.82, '2022-05-15 02:29:05'),
	(1239, 7, 93, '2022-05-18 02:29:27'),
	(1240, 12, 27, '2022-05-15 02:29:27'),
	(1241, 11, 10.99, '2022-05-15 02:29:27'),
	(1242, 10, 21.85, '2022-05-15 02:29:27'),
	(1243, 7, 94, '2022-05-19 02:29:49'),
	(1244, 11, 11.22, '2022-05-15 02:29:49'),
	(1245, 10, 21.44, '2022-05-15 02:29:49'),
	(1246, 7, 94, '2022-05-20 02:30:11'),
	(1247, 12, 27, '2022-05-15 02:30:11'),
	(1248, 11, 55.37, '2022-05-15 02:30:11'),
	(1249, 10, 21.82, '2022-05-15 02:30:11'),
	(1250, 7, 93, '2022-05-21 02:30:33'),
	(1251, 11, 10.17, '2022-05-15 02:30:34'),
	(1252, 10, 21.85, '2022-05-15 02:30:34'),
	(1253, 7, 93, '2022-05-15 02:30:56'),
	(1254, 12, 27, '2022-05-15 02:30:56'),
	(1255, 11, 9.76, '2022-05-15 02:30:56'),
	(1256, 10, 21.41, '2022-05-15 02:30:56'),
	(1257, 7, 93, '2022-05-15 02:31:18'),
	(1258, 12, 27, '2022-05-21 02:31:19'),
	(1259, 11, 80.07, '2022-05-15 02:31:19'),
	(1260, 10, 21.41, '2022-05-15 02:31:19'),
	(1261, 7, 93, '2022-05-15 02:31:40'),
	(1262, 12, 27, '2022-05-20 02:31:40'),
	(1263, 11, 56.12, '2022-05-15 02:31:40'),
	(1264, 10, 21.82, '2022-05-15 02:31:40'),
	(1265, 7, 91, '2022-05-15 02:32:02'),
	(1266, 12, 27.1, '2022-05-19 02:32:02'),
	(1267, 11, 2489.01, '2022-05-15 02:32:02'),
	(1268, 10, 21.44, '2022-05-15 02:32:02'),
	(1269, 7, 51, '2022-05-19 15:31:07'),
	(1270, 12, 30.3, '2022-05-19 15:31:07'),
	(1271, 11, 18.35, '2022-05-19 15:31:08'),
	(1272, 10, 9.64, '2022-05-19 15:31:08'),
	(1273, 7, 65, '2022-05-19 15:31:29'),
	(1274, 12, 29.9, '2022-05-19 15:31:30'),
	(1275, 11, 18.77, '2022-05-19 15:31:30'),
	(1276, 10, 2506.04, '2022-05-19 15:31:30'),
	(1277, 7, 90, '2022-05-19 15:31:52'),
	(1278, 12, 29.8, '2022-05-19 15:31:52'),
	(1279, 11, 18.32, '2022-05-19 15:31:52'),
	(1280, 10, 2450.29, '2022-05-19 15:31:52'),
	(1281, 7, 91, '2022-05-19 15:32:13'),
	(1282, 12, 29.7, '2022-05-19 15:32:13'),
	(1283, 11, 18.35, '2022-05-19 15:32:13'),
	(1284, 10, 2441.73, '2022-05-19 15:32:13'),
	(1285, 7, 89, '2022-05-19 15:32:36'),
	(1286, 12, 29.6, '2022-05-19 15:32:36'),
	(1287, 11, 17.91, '2022-05-19 15:32:36'),
	(1288, 10, 2443.88, '2022-05-19 15:32:36'),
	(1289, 7, 157, '2022-05-19 15:32:58'),
	(1290, 12, 29.6, '2022-05-19 15:32:58'),
	(1291, 11, 18.32, '2022-05-19 15:32:58'),
	(1292, 10, 2553.09, '2022-05-19 15:32:58'),
	(1293, 7, 98, '2022-05-19 15:33:21'),
	(1294, 12, 29.6, '2022-05-19 15:33:21'),
	(1295, 11, 18.35, '2022-05-19 15:33:21'),
	(1296, 10, 2436.45, '2022-05-19 15:33:21'),
	(1297, 7, 96, '2022-05-19 15:33:43'),
	(1298, 12, 29.5, '2022-05-19 15:33:43'),
	(1299, 11, 18.35, '2022-05-19 15:33:43'),
	(1300, 10, 2436.52, '2022-05-19 15:33:43'),
	(1301, 7, 89, '2022-05-19 15:34:04'),
	(1302, 12, 29.5, '2022-05-19 15:34:04'),
	(1303, 11, 18.35, '2022-05-19 15:34:04'),
	(1304, 10, 2436.14, '2022-05-19 15:34:04'),
	(1305, 7, 96, '2022-05-19 15:34:26'),
	(1306, 12, 29.5, '2022-05-19 15:34:26'),
	(1307, 11, 18.35, '2022-05-19 15:34:26'),
	(1308, 10, 2435.9, '2022-05-19 15:34:26'),
	(1309, 6, 885, '2022-05-19 15:34:36'),
	(1310, 5, 28.6, '2022-05-19 15:34:36'),
	(1311, 1, 2336.66, '2022-05-19 15:34:36'),
	(1312, 2, 2346.93, '2022-05-19 15:34:36'),
	(1313, 7, 62, '2022-05-19 15:34:48'),
	(1314, 12, 29.5, '2022-05-19 15:34:48'),
	(1315, 11, 18.35, '2022-05-19 15:34:48'),
	(1316, 10, 2401.78, '2022-05-19 15:34:48'),
	(1317, 6, 884, '2022-05-19 15:34:59'),
	(1318, 5, 28.6, '2022-05-19 15:34:59'),
	(1319, 1, 2337.56, '2022-05-19 15:34:59'),
	(1320, 2, 2348.34, '2022-05-19 15:34:59'),
	(1321, 7, 64, '2022-05-19 15:35:10'),
	(1322, 12, 29.4, '2022-05-19 15:35:10'),
	(1323, 11, 18.39, '2022-05-19 15:35:10'),
	(1324, 10, 2402.66, '2022-05-19 15:35:10'),
	(1325, 6, 879, '2022-05-19 15:35:21'),
	(1326, 5, 28.7, '2022-05-19 15:35:22'),
	(1327, 1, 2337.99, '2022-05-19 15:35:22'),
	(1328, 2, 2348.58, '2022-05-19 15:35:22'),
	(1329, 7, 61, '2022-05-19 15:35:31'),
	(1330, 12, 29.4, '2022-05-19 15:35:31'),
	(1331, 11, 18.37, '2022-05-19 15:35:31'),
	(1332, 10, 2403.02, '2022-05-19 15:35:31'),
	(1333, 6, 873, '2022-05-19 15:35:46'),
	(1334, 5, 28.7, '2022-05-19 15:35:46'),
	(1335, 1, 2338.71, '2022-05-19 15:35:46'),
	(1336, 2, 128.13, '2022-05-19 15:35:46'),
	(1337, 7, 62, '2022-05-19 15:35:54'),
	(1338, 12, 29.4, '2022-05-19 15:35:54'),
	(1339, 11, 18.39, '2022-05-19 15:35:54'),
	(1340, 10, 2401.61, '2022-05-19 15:35:54'),
	(1341, 6, 866, '2022-05-19 15:36:09'),
	(1342, 5, 28.7, '2022-05-19 15:36:09'),
	(1343, 1, 2334.07, '2022-05-19 15:36:09'),
	(1344, 2, 126.38, '2022-05-19 15:36:09'),
	(1345, 7, 63, '2022-05-19 15:36:16'),
	(1346, 12, 29.3, '2022-05-19 15:36:16'),
	(1347, 11, 18.39, '2022-05-19 15:36:16'),
	(1348, 10, 2400.72, '2022-05-19 15:36:16'),
	(1349, 6, 903, '2022-05-19 15:36:31'),
	(1350, 5, 28.8, '2022-05-19 15:36:31'),
	(1351, 1, 2334.25, '2022-05-19 15:36:32'),
	(1352, 2, 2347, '2022-05-19 15:36:32'),
	(1353, 7, 163, '2022-05-19 15:36:38'),
	(1354, 12, 29.4, '2022-05-19 15:36:38'),
	(1355, 11, 18.39, '2022-05-19 15:36:38'),
	(1356, 10, 2482.64, '2022-05-19 15:36:38'),
	(1357, 6, 907, '2022-05-19 15:36:54'),
	(1358, 5, 28.8, '2022-05-19 15:36:54'),
	(1359, 1, 8.8, '2022-05-19 15:36:54'),
	(1360, 2, 31.84, '2022-05-19 15:36:54'),
	(1361, 7, 244, '2022-05-19 15:36:59'),
	(1362, 12, 29.3, '2022-05-19 15:36:59'),
	(1363, 11, 19.97, '2022-05-19 15:36:59'),
	(1364, 10, 124.6, '2022-05-19 15:36:59'),
	(1365, 6, 876, '2022-05-19 15:37:17'),
	(1366, 5, 28.8, '2022-05-19 15:37:17'),
	(1367, 1, 11.39, '2022-05-19 15:37:17'),
	(1368, 2, 79.85, '2022-05-19 15:37:17'),
	(1369, 7, 175, '2022-05-19 15:37:21'),
	(1370, 12, 29.3, '2022-05-19 15:37:21'),
	(1371, 11, 19.95, '2022-05-19 15:37:21'),
	(1372, 10, 123.31, '2022-05-19 15:37:21'),
	(1373, 6, 890, '2022-05-19 15:37:39'),
	(1374, 5, 28.8, '2022-05-19 15:37:39'),
	(1375, 1, 67.31, '2022-05-19 15:37:39'),
	(1376, 2, 131.32, '2022-05-19 15:37:39'),
	(1377, 7, 104, '2022-05-19 15:37:43'),
	(1378, 12, 29.3, '2022-05-19 15:37:43'),
	(1379, 11, 20.82, '2022-05-19 15:37:43'),
	(1380, 10, 123.33, '2022-05-19 15:37:43'),
	(1381, 6, 883, '2022-05-19 15:38:02'),
	(1382, 5, 28.8, '2022-05-19 15:38:02'),
	(1383, 1, 6.95, '2022-05-19 15:38:02'),
	(1384, 2, 56.74, '2022-05-19 15:38:02'),
	(1385, 7, 104, '2022-05-19 15:38:04'),
	(1386, 12, 29.2, '2022-05-19 15:38:04'),
	(1387, 11, 20.39, '2022-05-19 15:38:04'),
	(1388, 10, 123.28, '2022-05-19 15:38:04'),
	(1389, 6, 871, '2022-05-19 15:38:25'),
	(1390, 7, 106, '2022-05-19 15:38:26'),
	(1391, 12, 29.2, '2022-05-19 15:38:26'),
	(1392, 11, 19.95, '2022-05-19 15:38:26'),
	(1393, 10, 123.36, '2022-05-19 15:38:26'),
	(1394, 5, 28.8, '2022-05-19 15:38:26'),
	(1395, 1, 6.52, '2022-05-19 15:38:26'),
	(1396, 2, 11.73, '2022-05-19 15:38:26'),
	(1397, 7, 108, '2022-05-19 15:38:47'),
	(1398, 12, 29.2, '2022-05-19 15:38:47'),
	(1399, 11, 20, '2022-05-19 15:38:48'),
	(1400, 10, 2483.55, '2022-05-19 15:38:48'),
	(1401, 6, 870, '2022-05-19 15:38:52'),
	(1402, 5, 28.8, '2022-05-19 15:38:52'),
	(1403, 1, 6.95, '2022-05-19 15:38:52'),
	(1404, 2, 2351.84, '2022-05-19 15:38:52'),
	(1405, 7, 113, '2022-05-19 15:39:10'),
	(1406, 12, 29.1, '2022-05-19 15:39:10'),
	(1407, 11, 19.98, '2022-05-19 15:39:10'),
	(1408, 10, 2737.36, '2022-05-19 15:39:10'),
	(1409, 6, 879, '2022-05-19 15:39:14'),
	(1410, 5, 28.8, '2022-05-19 15:39:14'),
	(1411, 1, 6.95, '2022-05-19 15:39:14'),
	(1412, 2, 126.71, '2022-05-19 15:39:14'),
	(1413, 7, 120, '2022-05-19 15:39:32'),
	(1414, 12, 29.1, '2022-05-19 15:39:32'),
	(1415, 11, 20.41, '2022-05-19 15:39:32'),
	(1416, 10, 2574.7, '2022-05-19 15:39:32'),
	(1417, 6, 857, '2022-05-19 15:39:36'),
	(1418, 5, 28.8, '2022-05-19 15:39:37'),
	(1419, 1, 6.96, '2022-05-19 15:39:37'),
	(1420, 2, 2346.91, '2022-05-19 15:39:37'),
	(1421, 7, 116, '2022-05-19 15:39:54'),
	(1422, 12, 29.1, '2022-05-19 15:39:54'),
	(1423, 11, 20.36, '2022-05-19 15:39:54'),
	(1424, 10, 2725.73, '2022-05-19 15:39:54'),
	(1425, 6, 908, '2022-05-19 15:39:59'),
	(1426, 5, 28.8, '2022-05-19 15:39:59'),
	(1427, 1, 6.05, '2022-05-19 15:39:59'),
	(1428, 2, 2403.62, '2022-05-19 15:39:59'),
	(1429, 7, 70, '2022-05-19 15:40:17'),
	(1430, 12, 29.1, '2022-05-19 15:40:17'),
	(1431, 11, 20.84, '2022-05-19 15:40:17'),
	(1432, 10, 2661.99, '2022-05-19 15:40:17'),
	(1433, 6, 925, '2022-05-19 15:40:21'),
	(1434, 5, 28.9, '2022-05-19 15:40:22'),
	(1435, 1, 6.05, '2022-05-19 15:40:22'),
	(1436, 2, 94.67, '2022-05-19 15:40:22'),
	(1437, 7, 99, '2022-05-19 15:40:39'),
	(1438, 12, 29.1, '2022-05-19 15:40:39'),
	(1439, 11, 20.41, '2022-05-19 15:40:39'),
	(1440, 10, 2596.29, '2022-05-19 15:40:39'),
	(1441, 6, 928, '2022-05-19 15:40:44'),
	(1442, 5, 28.9, '2022-05-19 15:40:44'),
	(1443, 1, 6.93, '2022-05-19 15:40:45'),
	(1444, 2, 61.03, '2022-05-19 15:40:45'),
	(1445, 7, 162, '2022-05-19 15:41:01'),
	(1446, 12, 29.1, '2022-05-19 15:41:01'),
	(1447, 11, 20.41, '2022-05-19 15:41:02'),
	(1448, 10, 2629.91, '2022-05-19 15:41:02'),
	(1449, 6, 926, '2022-05-19 15:41:07'),
	(1450, 5, 28.9, '2022-05-19 15:41:07'),
	(1451, 1, 6.96, '2022-05-19 15:41:07'),
	(1452, 2, 61.08, '2022-05-19 15:41:07'),
	(1453, 7, 100, '2022-05-19 15:41:23'),
	(1454, 12, 29.1, '2022-05-19 15:41:23'),
	(1455, 11, 19.43, '2022-05-19 15:41:23'),
	(1456, 10, 2605.06, '2022-05-19 15:41:23'),
	(1457, 6, 891, '2022-05-19 15:41:32'),
	(1458, 5, 28.9, '2022-05-19 15:41:33'),
	(1459, 1, 6.95, '2022-05-19 15:41:33'),
	(1460, 2, 118.08, '2022-05-19 15:41:33'),
	(1461, 7, 105, '2022-05-19 15:41:45'),
	(1462, 12, 29.1, '2022-05-19 15:41:45'),
	(1463, 11, 19.86, '2022-05-19 15:41:45'),
	(1464, 10, 2594.49, '2022-05-19 15:41:45'),
	(1465, 7, 103, '2022-05-19 15:42:08'),
	(1466, 12, 29.1, '2022-05-19 15:42:08'),
	(1467, 11, 19.86, '2022-05-19 15:42:08'),
	(1468, 10, 2596.6, '2022-05-19 15:42:08'),
	(1469, 7, 150, '2022-05-19 15:42:30'),
	(1470, 12, 29.1, '2022-05-19 15:42:30'),
	(1471, 11, 152.9, '2022-05-19 15:42:30'),
	(1472, 10, 2533.19, '2022-05-19 15:42:30'),
	(1473, 7, 173, '2022-05-19 15:42:52'),
	(1474, 12, 29.1, '2022-05-19 15:42:52'),
	(1475, 11, 20.94, '2022-05-19 15:42:52'),
	(1476, 10, 14.31, '2022-05-19 15:42:52'),
	(1477, 7, 164, '2022-05-19 15:43:14'),
	(1478, 12, 29, '2022-05-19 15:43:14'),
	(1479, 11, 21.36, '2022-05-19 15:43:14'),
	(1480, 10, 11.51, '2022-05-19 15:43:14'),
	(1481, 7, 94, '2022-05-19 15:43:36'),
	(1482, 12, 29, '2022-05-19 15:43:36'),
	(1483, 11, 21.36, '2022-05-19 15:43:36'),
	(1484, 10, 2519.42, '2022-05-19 15:43:36'),
	(1485, 7, 74, '2022-05-19 15:44:00'),
	(1486, 12, 29, '2022-05-19 15:44:00'),
	(1487, 11, 20.93, '2022-05-19 15:44:00'),
	(1488, 10, 2521.61, '2022-05-19 15:44:00'),
	(1489, 7, 82, '2022-05-19 15:44:22'),
	(1490, 12, 29.1, '2022-05-19 15:44:23'),
	(1491, 11, 20.53, '2022-05-19 15:44:23'),
	(1492, 10, 2538.87, '2022-05-19 15:44:23'),
	(1493, 7, 86, '2022-05-20 16:01:35'),
	(1494, 12, 28, '2022-05-20 16:01:35'),
	(1495, 11, 18.66, '2022-05-20 16:01:35'),
	(1496, 10, 108.61, '2022-05-20 16:01:35'),
	(1497, 7, 92, '2022-05-20 16:01:57'),
	(1498, 12, 28, '2022-05-20 16:01:57'),
	(1499, 11, 18.66, '2022-05-20 16:01:57'),
	(1500, 10, 2378.54, '2022-05-20 16:01:57'),
	(1501, 7, 304, '2022-05-20 16:02:15'),
	(1502, 12, 27.9, '2022-05-20 16:02:15'),
	(1503, 11, 128.83, '2022-05-20 16:02:15'),
	(1504, 10, 2594.63, '2022-05-20 16:02:15'),
	(1505, 7, 310, '2022-05-20 16:02:37'),
	(1506, 12, 27.9, '2022-05-20 16:02:37'),
	(1507, 11, 116.55, '2022-05-20 16:02:37'),
	(1508, 10, 2593.55, '2022-05-20 16:02:37'),
	(1509, 7, 170, '2022-05-20 16:02:59'),
	(1510, 12, 27.9, '2022-05-20 16:02:59'),
	(1511, 11, 45.66, '2022-05-20 16:02:59'),
	(1512, 10, 2513.65, '2022-05-20 16:02:59'),
	(1513, 7, 77, '2022-05-20 16:03:42'),
	(1514, 12, 27.9, '2022-05-20 16:03:43'),
	(1515, 11, 44.8, '2022-05-20 16:03:43'),
	(1516, 10, 2431.41, '2022-05-20 16:03:43'),
	(1517, 7, 192, '2022-05-20 16:04:04'),
	(1518, 12, 27.8, '2022-05-20 16:04:04'),
	(1519, 11, 2449.54, '2022-05-20 16:04:04'),
	(1520, 10, 2487.51, '2022-05-20 16:04:04'),
	(1521, 7, 152, '2022-05-20 16:04:26'),
	(1522, 12, 27.9, '2022-05-20 16:04:26'),
	(1523, 11, 109.13, '2022-05-20 16:04:26'),
	(1524, 10, 2482.26, '2022-05-20 16:04:26'),
	(1525, 7, 151, '2022-05-20 16:04:48'),
	(1526, 12, 27.8, '2022-05-20 16:04:48'),
	(1527, 11, 74.75, '2022-05-20 16:04:48'),
	(1528, 10, 2493.98, '2022-05-20 16:04:48'),
	(1529, 7, 151, '2022-05-20 16:05:11'),
	(1530, 12, 27.8, '2022-05-20 16:05:11'),
	(1531, 11, 106.36, '2022-05-20 16:05:11'),
	(1532, 10, 2482.54, '2022-05-20 16:05:11'),
	(1533, 7, 151, '2022-05-20 16:05:33'),
	(1534, 12, 27.8, '2022-05-20 16:05:33'),
	(1535, 11, 107.17, '2022-05-20 16:05:33'),
	(1536, 10, 456.33, '2022-05-20 16:05:33'),
	(1537, 7, 286, '2022-05-20 16:05:54'),
	(1538, 12, 27.8, '2022-05-20 16:05:54'),
	(1539, 11, 105.45, '2022-05-20 16:05:55'),
	(1540, 10, 217.58, '2022-05-20 16:05:55'),
	(1541, 7, 170, '2022-05-20 16:06:16'),
	(1542, 12, 27.8, '2022-05-20 16:06:16'),
	(1543, 11, 107.58, '2022-05-20 16:06:17'),
	(1544, 10, 2499.19, '2022-05-20 16:06:17'),
	(1545, 7, 174, '2022-05-20 16:06:39'),
	(1546, 12, 27.8, '2022-05-20 16:06:39'),
	(1547, 11, 94.29, '2022-05-20 16:06:39'),
	(1548, 10, 2502.14, '2022-05-20 16:06:39'),
	(1549, 7, 162, '2022-05-20 16:07:01'),
	(1550, 12, 27.8, '2022-05-20 16:07:01'),
	(1551, 11, 106.78, '2022-05-20 16:07:01'),
	(1552, 10, 2494.96, '2022-05-20 16:07:01'),
	(1553, 7, 171, '2022-05-20 16:07:23'),
	(1554, 12, 27.8, '2022-05-20 16:07:23'),
	(1555, 11, 107.56, '2022-05-20 16:07:23'),
	(1556, 10, 2497.46, '2022-05-20 16:07:23'),
	(1557, 7, 163, '2022-05-20 16:07:45'),
	(1558, 12, 27.8, '2022-05-20 16:07:45'),
	(1559, 11, 47.39, '2022-05-20 16:07:45'),
	(1560, 10, 458.04, '2022-05-20 16:07:45'),
	(1561, 7, 153, '2022-05-20 16:08:07'),
	(1562, 12, 27.8, '2022-05-20 16:08:08'),
	(1563, 11, 93.86, '2022-05-20 16:08:08'),
	(1564, 10, 457.22, '2022-05-20 16:08:08'),
	(1565, 7, 153, '2022-05-20 16:08:29'),
	(1566, 12, 27.8, '2022-05-20 16:08:29'),
	(1567, 11, 90.09, '2022-05-20 16:08:29'),
	(1568, 10, 2483.36, '2022-05-20 16:08:29'),
	(1569, 7, 166, '2022-05-20 16:08:52'),
	(1570, 12, 27.8, '2022-05-20 16:08:52'),
	(1571, 11, 97.6, '2022-05-20 16:08:52'),
	(1572, 10, 457.17, '2022-05-20 16:08:52'),
	(1573, 7, 134, '2022-05-20 16:09:14'),
	(1574, 12, 27.7, '2022-05-20 16:09:14'),
	(1575, 11, 43.33, '2022-05-20 16:09:14'),
	(1576, 10, 2476.18, '2022-05-20 16:09:14'),
	(1577, 7, 146, '2022-05-20 16:09:36'),
	(1578, 12, 27.8, '2022-05-20 16:09:36'),
	(1579, 11, 43.36, '2022-05-20 16:09:36'),
	(1580, 10, 2474.25, '2022-05-20 16:09:36'),
	(1581, 7, 144, '2022-05-20 16:09:58'),
	(1582, 12, 27.7, '2022-05-20 16:09:58'),
	(1583, 11, 43.36, '2022-05-20 16:09:58'),
	(1584, 10, 2473.1, '2022-05-20 16:09:58'),
	(1585, 7, 315, '2022-05-20 16:10:20'),
	(1586, 12, 27.8, '2022-05-20 16:10:20'),
	(1587, 11, 16.31, '2022-05-20 16:10:20'),
	(1588, 10, 2612.66, '2022-05-20 16:10:20'),
	(1589, 7, 315, '2022-05-20 16:10:42'),
	(1590, 12, 27.7, '2022-05-20 16:10:42'),
	(1591, 11, 16.78, '2022-05-20 16:10:42'),
	(1592, 10, 2612.13, '2022-05-20 16:10:42'),
	(1593, 7, 315, '2022-05-20 16:11:04'),
	(1594, 12, 27.8, '2022-05-20 16:11:04'),
	(1595, 11, 16.31, '2022-05-20 16:11:04'),
	(1596, 10, 2610.7, '2022-05-20 16:11:04'),
	(1597, 7, 315, '2022-05-20 16:11:26'),
	(1598, 12, 27.7, '2022-05-20 16:11:26'),
	(1599, 11, 16.35, '2022-05-20 16:11:26'),
	(1600, 10, 2606.6, '2022-05-20 16:11:26'),
	(1601, 7, 315, '2022-05-20 16:11:48'),
	(1602, 12, 27.7, '2022-05-20 16:11:48'),
	(1603, 11, 16.36, '2022-05-20 16:11:48'),
	(1604, 10, 2609.4, '2022-05-20 16:11:48'),
	(1605, 7, 315, '2022-05-20 16:12:11'),
	(1606, 12, 27.7, '2022-05-20 16:12:11'),
	(1607, 11, 16.78, '2022-05-20 16:12:11'),
	(1608, 10, 2605.49, '2022-05-20 16:12:11'),
	(1609, 7, 316, '2022-05-20 16:12:33'),
	(1610, 12, 27.7, '2022-05-20 16:12:33'),
	(1611, 11, 16.35, '2022-05-20 16:12:33'),
	(1612, 10, 2595.69, '2022-05-20 16:12:33'),
	(1613, 7, 315, '2022-05-20 16:12:55'),
	(1614, 12, 27.7, '2022-05-20 16:12:55'),
	(1615, 11, 3.16, '2022-05-20 16:12:55'),
	(1616, 10, 2599.09, '2022-05-20 16:12:55'),
	(1617, 7, 307, '2022-05-20 16:13:16'),
	(1618, 12, 27.7, '2022-05-20 16:13:16'),
	(1619, 11, 16.36, '2022-05-20 16:13:16'),
	(1620, 10, 2602.86, '2022-05-20 16:13:16'),
	(1621, 7, 315, '2022-05-20 16:13:38'),
	(1622, 12, 27.7, '2022-05-20 16:13:38'),
	(1623, 11, 16.76, '2022-05-20 16:13:38'),
	(1624, 10, 2618.71, '2022-05-20 16:13:38'),
	(1625, 7, 315, '2022-05-20 16:14:00'),
	(1626, 12, 27.7, '2022-05-20 16:14:00'),
	(1627, 11, 16.36, '2022-05-20 16:14:00'),
	(1628, 10, 2621.46, '2022-05-20 16:14:00'),
	(1629, 7, 308, '2022-05-20 16:14:23'),
	(1630, 12, 27.7, '2022-05-20 16:14:23'),
	(1631, 11, 16.78, '2022-05-20 16:14:23'),
	(1632, 10, 2621.84, '2022-05-20 16:14:23'),
	(1633, 7, 315, '2022-05-20 16:14:44'),
	(1634, 12, 27.7, '2022-05-20 16:14:44'),
	(1635, 11, 16.35, '2022-05-20 16:14:44'),
	(1636, 10, 2615.76, '2022-05-20 16:14:44'),
	(1637, 7, 315, '2022-05-20 16:15:06'),
	(1638, 12, 27.7, '2022-05-20 16:15:06'),
	(1639, 11, 52.85, '2022-05-20 16:15:06'),
	(1640, 10, 134.61, '2022-05-20 16:15:06'),
	(1641, 7, 312, '2022-05-20 16:15:28'),
	(1642, 12, 27.7, '2022-05-20 16:15:28'),
	(1643, 11, 16.33, '2022-05-20 16:15:28'),
	(1644, 10, 14.17, '2022-05-20 16:15:28'),
	(1645, 7, 326, '2022-05-20 16:15:50'),
	(1646, 12, 27.7, '2022-05-20 16:15:50'),
	(1647, 11, 53.58, '2022-05-20 16:15:50'),
	(1648, 10, 2624.22, '2022-05-20 16:15:50'),
	(1649, 7, 336, '2022-05-20 16:16:12'),
	(1650, 12, 27.7, '2022-05-20 16:16:12'),
	(1651, 11, 54, '2022-05-20 16:16:12'),
	(1652, 10, 2620.09, '2022-05-20 16:16:12'),
	(1653, 7, 334, '2022-05-20 16:16:35'),
	(1654, 12, 27.7, '2022-05-20 16:16:35'),
	(1655, 11, 55.25, '2022-05-20 16:16:35'),
	(1656, 10, 2624.85, '2022-05-20 16:16:35'),
	(1657, 7, 337, '2022-05-20 16:16:57'),
	(1658, 12, 27.7, '2022-05-20 16:16:57'),
	(1659, 11, 86.93, '2022-05-20 16:16:57'),
	(1660, 10, 2622.3, '2022-05-20 16:16:57'),
	(1661, 7, 337, '2022-05-20 16:17:19'),
	(1662, 12, 27.7, '2022-05-20 16:17:19'),
	(1663, 11, 55.25, '2022-05-20 16:17:19'),
	(1664, 10, 2624.8, '2022-05-20 16:17:19'),
	(1665, 7, 330, '2022-05-20 16:17:41'),
	(1666, 12, 27.7, '2022-05-20 16:17:41'),
	(1667, 11, 55.68, '2022-05-20 16:17:41'),
	(1668, 10, 450.55, '2022-05-20 16:17:41'),
	(1669, 7, 334, '2022-05-20 16:18:03'),
	(1670, 12, 27.6, '2022-05-20 16:18:03'),
	(1671, 11, 54.41, '2022-05-20 16:18:03'),
	(1672, 10, 98.23, '2022-05-20 16:18:03'),
	(1673, 7, 332, '2022-05-20 16:18:25'),
	(1674, 12, 27.6, '2022-05-20 16:18:25'),
	(1675, 11, 54, '2022-05-20 16:18:25'),
	(1676, 10, 2624.17, '2022-05-20 16:18:25'),
	(1677, 7, 333, '2022-05-20 16:18:47'),
	(1678, 12, 27.6, '2022-05-20 16:18:47'),
	(1679, 11, 54.84, '2022-05-20 16:18:47'),
	(1680, 10, 2624.7, '2022-05-20 16:18:47'),
	(1681, 7, 334, '2022-05-20 16:19:09'),
	(1682, 12, 27.6, '2022-05-20 16:19:09'),
	(1683, 11, 55.25, '2022-05-20 16:19:09'),
	(1684, 10, 2623.14, '2022-05-20 16:19:09'),
	(1685, 7, 366, '2022-05-20 16:19:31'),
	(1686, 12, 27.6, '2022-05-20 16:19:31'),
	(1687, 11, 55.68, '2022-05-20 16:19:31'),
	(1688, 10, 2638.83, '2022-05-20 16:19:31'),
	(1689, 7, 353, '2022-05-20 16:19:54'),
	(1690, 12, -13.7, '2022-05-20 16:19:54'),
	(1691, 11, 54.82, '2022-05-20 16:19:54'),
	(1692, 10, 2628.03, '2022-05-20 16:19:54'),
	(1693, 7, 336, '2022-05-20 16:20:16'),
	(1694, 12, 27.7, '2022-05-20 16:20:16'),
	(1695, 11, 41.99, '2022-05-20 16:20:16'),
	(1696, 10, 2589.91, '2022-05-20 16:20:16'),
	(1697, 7, 354, '2022-05-20 16:20:39'),
	(1698, 12, 27.7, '2022-05-20 16:20:39'),
	(1699, 11, 44.92, '2022-05-20 16:20:39'),
	(1700, 10, 2609.95, '2022-05-20 16:20:39'),
	(1701, 7, 166, '2022-05-20 16:21:01'),
	(1702, 12, 27.7, '2022-05-20 16:21:01'),
	(1703, 11, 48.06, '2022-05-20 16:21:01'),
	(1704, 10, 2617.17, '2022-05-20 16:21:01'),
	(1705, 7, 162, '2022-05-20 16:21:23'),
	(1706, 12, 27.8, '2022-05-20 16:21:23'),
	(1707, 11, 48.46, '2022-05-20 16:21:23'),
	(1708, 10, 2613.16, '2022-05-20 16:21:23'),
	(1709, 7, 173, '2022-05-20 16:21:45'),
	(1710, 12, 27.8, '2022-05-20 16:21:45'),
	(1711, 11, 49.35, '2022-05-20 16:21:45'),
	(1712, 10, 2606.26, '2022-05-20 16:21:45'),
	(1713, 7, 324, '2022-05-20 16:22:08'),
	(1714, 12, 27.8, '2022-05-20 16:22:08'),
	(1715, 11, 50.19, '2022-05-20 16:22:08'),
	(1716, 10, 2623.09, '2022-05-20 16:22:08'),
	(1717, 7, 183, '2022-05-20 16:22:31'),
	(1718, 12, 27.8, '2022-05-20 16:22:31'),
	(1719, 11, 49.81, '2022-05-20 16:22:31'),
	(1720, 10, 2653.31, '2022-05-20 16:22:31'),
	(1721, 7, 176, '2022-05-20 16:22:52'),
	(1722, 12, 27.8, '2022-05-20 16:22:52'),
	(1723, 11, 50.22, '2022-05-20 16:22:52'),
	(1724, 10, 2600.14, '2022-05-20 16:22:52'),
	(1725, 7, 328, '2022-05-20 16:23:15'),
	(1726, 12, 27.9, '2022-05-20 16:23:15'),
	(1727, 11, 21.89, '2022-05-20 16:23:15'),
	(1728, 10, 2599.14, '2022-05-20 16:23:15'),
	(1729, 7, 296, '2022-05-20 16:23:37'),
	(1730, 12, 27.9, '2022-05-20 16:23:37'),
	(1731, 11, 21.9, '2022-05-20 16:23:37'),
	(1732, 10, 2589.81, '2022-05-20 16:23:37'),
	(1733, 7, 177, '2022-05-20 16:24:00'),
	(1734, 12, 27.8, '2022-05-20 16:24:00'),
	(1735, 11, 21.89, '2022-05-20 16:24:00'),
	(1736, 10, 2561.53, '2022-05-20 16:24:00'),
	(1737, 7, 295, '2022-05-20 16:24:22'),
	(1738, 12, 27.9, '2022-05-20 16:24:22'),
	(1739, 11, 21.01, '2022-05-20 16:24:22'),
	(1740, 10, 2586.23, '2022-05-20 16:24:22'),
	(1741, 7, 296, '2022-05-20 16:24:43'),
	(1742, 11, 21.01, '2022-05-20 16:24:43'),
	(1743, 10, 2585.37, '2022-05-20 16:24:43'),
	(1744, 7, 297, '2022-05-20 16:25:06'),
	(1745, 12, 27.8, '2022-05-20 16:25:06'),
	(1746, 11, 21.03, '2022-05-20 16:25:06'),
	(1747, 10, 2586.4, '2022-05-20 16:25:06'),
	(1748, 7, 303, '2022-05-20 16:25:28'),
	(1749, 12, 27.8, '2022-05-20 16:25:28'),
	(1750, 11, 21.9, '2022-05-20 16:25:28'),
	(1751, 10, 2587.12, '2022-05-20 16:25:28'),
	(1752, 7, 300, '2022-05-20 16:25:49'),
	(1753, 12, 27.8, '2022-05-20 16:25:49'),
	(1754, 11, 21.85, '2022-05-20 16:25:49'),
	(1755, 10, 2599.55, '2022-05-20 16:25:49'),
	(1756, 7, 303, '2022-05-20 16:26:11'),
	(1757, 12, 27.8, '2022-05-20 16:26:11'),
	(1758, 11, 21.03, '2022-05-20 16:26:11'),
	(1759, 10, 290.03, '2022-05-20 16:26:11'),
	(1760, 7, 290, '2022-05-20 16:26:34'),
	(1761, 12, 27.8, '2022-05-20 16:26:34'),
	(1762, 11, 21.03, '2022-05-20 16:26:34'),
	(1763, 10, 2583.84, '2022-05-20 16:26:34'),
	(1764, 7, 52, '2022-05-20 17:07:20'),
	(1765, 11, 2344.82, '2022-05-20 17:07:20'),
	(1766, 10, 2379.04, '2022-05-20 17:07:20'),
	(1767, 7, 61, '2022-05-20 17:07:42'),
	(1768, 12, 14.4, '2022-05-20 17:07:42'),
	(1769, 11, 2339.26, '2022-05-20 17:07:42'),
	(1770, 10, 2378.59, '2022-05-20 17:07:42'),
	(1771, 7, 61, '2022-05-20 17:08:05'),
	(1772, 11, 2344.15, '2022-05-20 17:08:05'),
	(1773, 10, 2380.02, '2022-05-20 17:08:05'),
	(1774, 7, 61, '2022-05-20 17:08:28'),
	(1775, 11, 2345.27, '2022-05-20 17:08:28'),
	(1776, 10, 2381.58, '2022-05-20 17:08:28'),
	(1777, 7, 304, '2022-05-20 17:08:50'),
	(1778, 11, 2570.07, '2022-05-20 17:08:50'),
	(1779, 10, 2631.27, '2022-05-20 17:08:50'),
	(1780, 7, 307, '2022-05-20 17:09:16'),
	(1781, 12, 14.4, '2022-05-20 17:09:16'),
	(1782, 11, 2560.41, '2022-05-20 17:09:16'),
	(1783, 10, 2624.89, '2022-05-20 17:09:16'),
	(1784, 7, 307, '2022-05-20 17:09:39'),
	(1785, 11, 2567.03, '2022-05-20 17:09:39'),
	(1786, 10, 2625.13, '2022-05-20 17:09:39'),
	(1787, 7, 307, '2022-05-20 17:10:02'),
	(1788, 12, -15, '2022-05-20 17:10:02'),
	(1789, 11, 2563.07, '2022-05-20 17:10:02'),
	(1790, 10, 2622.76, '2022-05-20 17:10:02'),
	(1791, 7, 110, '2022-05-20 17:10:25'),
	(1792, 11, 2391.7, '2022-05-20 17:10:25'),
	(1793, 10, 2432.83, '2022-05-20 17:10:25'),
	(1794, 7, 127, '2022-05-20 17:10:48'),
	(1795, 12, 14.4, '2022-05-20 17:10:48'),
	(1796, 11, 2398.76, '2022-05-20 17:10:49'),
	(1797, 10, 2439.4, '2022-05-20 17:10:49'),
	(1798, 7, 114, '2022-05-20 17:11:11'),
	(1799, 12, 14.4, '2022-05-20 17:11:11'),
	(1800, 11, 2391.92, '2022-05-20 17:11:11'),
	(1801, 10, 2433.05, '2022-05-20 17:11:11'),
	(1802, 7, 122, '2022-05-20 17:11:34'),
	(1803, 12, 14.4, '2022-05-20 17:11:34'),
	(1804, 11, 2391.87, '2022-05-20 17:11:34'),
	(1805, 10, 2433.33, '2022-05-20 17:11:34'),
	(1806, 7, 115, '2022-05-20 17:11:56'),
	(1807, 11, 2399.31, '2022-05-20 17:11:56'),
	(1808, 10, 2433.34, '2022-05-20 17:11:56'),
	(1809, 7, 123, '2022-05-20 17:12:20'),
	(1810, 11, 2400.46, '2022-05-20 17:12:21'),
	(1811, 10, 2432.68, '2022-05-20 17:12:21'),
	(1812, 7, 67, '2022-05-20 17:12:45'),
	(1813, 11, 2403.12, '2022-05-20 17:12:46'),
	(1814, 10, 2437, '2022-05-20 17:12:46'),
	(1815, 7, 74, '2022-05-20 17:13:08'),
	(1816, 12, 14.3, '2022-05-20 17:13:08'),
	(1817, 11, 2399.54, '2022-05-20 17:13:09'),
	(1818, 10, 2433.26, '2022-05-20 17:13:09'),
	(1819, 7, 75, '2022-05-20 17:13:31'),
	(1820, 12, 14.3, '2022-05-20 17:13:31'),
	(1821, 11, 2399.07, '2022-05-20 17:13:32'),
	(1822, 10, 2433.65, '2022-05-20 17:13:32'),
	(1823, 7, 302, '2022-05-20 17:13:54'),
	(1824, 11, 2565.9, '2022-05-20 17:13:54'),
	(1825, 10, 2616.86, '2022-05-20 17:13:54'),
	(1826, 7, 198, '2022-05-20 17:14:17'),
	(1827, 12, 14.3, '2022-05-20 17:14:18'),
	(1828, 11, 2505.11, '2022-05-20 17:14:18'),
	(1829, 10, 2544.27, '2022-05-20 17:14:18'),
	(1830, 7, 200, '2022-05-20 17:14:41'),
	(1831, 12, 14.3, '2022-05-20 17:14:41'),
	(1832, 11, 2511.1, '2022-05-20 17:14:41'),
	(1833, 10, 2551.34, '2022-05-20 17:14:41'),
	(1834, 7, 181, '2022-05-20 17:15:04'),
	(1835, 12, 28.6, '2022-05-20 17:15:04'),
	(1836, 11, 2489.5, '2022-05-20 17:15:04'),
	(1837, 10, 2539.23, '2022-05-20 17:15:04'),
	(1838, 7, 181, '2022-05-20 17:15:27'),
	(1839, 11, 2487.22, '2022-05-20 17:15:27'),
	(1840, 10, 2538.25, '2022-05-20 17:15:27'),
	(1841, 7, 56, '2022-05-20 17:15:49'),
	(1842, 12, 14.3, '2022-05-20 17:15:49'),
	(1843, 11, 2491.27, '2022-05-20 17:15:49'),
	(1844, 10, 1071.9, '2022-05-20 17:15:49'),
	(1845, 7, 316, '2022-05-20 17:16:12'),
	(1846, 12, 14.3, '2022-05-23 17:16:12'),
	(1847, 11, 2553.77, '2022-05-20 17:16:12'),
	(1848, 10, 2600.62, '2022-05-20 17:16:12'),
	(1849, 7, 317, '2022-05-20 17:16:35'),
	(1850, 11, 2558.59, '2022-05-20 17:16:35'),
	(1851, 10, 2603.33, '2022-05-20 17:16:35'),
	(1852, 7, 289, '2022-05-23 17:16:58'),
	(1853, 11, 2560.72, '2022-05-23 17:16:58'),
	(1854, 10, 2626.86, '2022-05-23 17:16:58'),
	(1855, 6, 840, '2022-05-24 00:11:16'),
	(1856, 5, -13.6, '2022-05-24 00:11:17'),
	(1857, 1, 9.4, '2022-05-24 00:11:17'),
	(1858, 2, 30.94, '2022-05-24 00:11:17'),
	(1859, 6, 811, '2022-05-24 00:11:38'),
	(1860, 5, 27.7, '2022-05-24 00:11:38'),
	(1861, 1, 30.98, '2022-05-24 00:11:38'),
	(1862, 2, 22.95, '2022-05-24 00:11:38'),
	(1863, 6, 816, '2022-05-24 00:12:00'),
	(1864, 5, 27.7, '2022-05-24 00:12:00'),
	(1865, 1, 29.61, '2022-05-24 00:12:00'),
	(1866, 2, 22.18, '2022-05-24 00:12:00'),
	(1867, 6, 765, '2022-05-24 00:12:21'),
	(1868, 5, 27.7, '2022-05-24 00:12:21'),
	(1869, 1, 14.82, '2022-05-24 00:12:21'),
	(1870, 2, 19.74, '2022-05-24 00:12:21'),
	(1871, 6, 776, '2022-05-24 00:12:42'),
	(1872, 5, 27.8, '2022-05-24 00:12:42'),
	(1873, 1, 14.8, '2022-05-24 00:12:43'),
	(1874, 2, 28.23, '2022-05-24 00:12:43'),
	(1875, 6, 769, '2022-05-24 00:13:04'),
	(1876, 5, 27.8, '2022-05-24 00:13:04'),
	(1877, 1, 376.11, '2022-05-24 00:13:04'),
	(1878, 2, 7.03, '2022-05-24 00:13:04'),
	(1879, 6, 776, '2022-05-24 00:13:25'),
	(1880, 5, 27.9, '2022-05-24 00:13:25'),
	(1881, 1, 14.82, '2022-05-24 00:13:25'),
	(1882, 2, 7.07, '2022-05-24 00:13:25'),
	(1883, 6, 610, '2022-05-24 10:39:36'),
	(1884, 5, 24.1, '2022-05-24 10:39:37'),
	(1885, 1, 7.26, '2022-05-24 10:39:37'),
	(1886, 2, 8.61, '2022-05-24 10:39:37'),
	(1887, 1, 4.83, '2022-05-24 11:32:13'),
	(1888, 2, 8.13, '2022-05-24 11:32:13'),
	(1889, 1, 4.84, '2022-05-24 11:32:24'),
	(1890, 2, 8.26, '2022-05-24 11:32:24'),
	(1891, 1, 17.75, '2022-05-24 11:32:34'),
	(1892, 2, 119.76, '2022-05-24 11:32:34'),
	(1893, 1, 18.17, '2022-05-24 11:32:45'),
	(1894, 2, 48.11, '2022-05-24 11:32:45'),
	(1895, 1, 18.17, '2022-05-24 11:32:56'),
	(1896, 2, 127.33, '2022-05-24 11:32:56'),
	(1897, 5, 24.8, '2022-05-24 11:32:56'),
	(1898, 6, 505, '2022-05-24 11:33:07'),
	(1899, 1, 18.17, '2022-05-24 11:33:07'),
	(1900, 2, 48.82, '2022-05-24 11:33:07'),
	(1901, 1, 17.75, '2022-05-24 11:33:18'),
	(1902, 2, 122.71, '2022-05-24 11:33:18'),
	(1903, 1, 18.17, '2022-05-24 11:33:29'),
	(1904, 2, 49.56, '2022-05-24 11:33:29'),
	(1905, 1, 18.17, '2022-05-24 11:33:40'),
	(1906, 2, 45.78, '2022-05-24 11:33:40'),
	(1907, 7, 2, '2022-05-25 00:49:34'),
	(1908, 12, 24.5, '2022-05-25 00:49:35'),
	(1909, 7, 8, '2022-05-25 00:49:59'),
	(1910, 12, 24.7, '2022-05-25 00:49:59'),
	(1911, 7, 9, '2022-05-25 00:50:22'),
	(1912, 12, 24.7, '2022-05-25 00:50:23'),
	(1913, 7, 9, '2022-05-25 00:50:45'),
	(1914, 12, 24.7, '2022-05-25 00:50:46'),
	(1915, 7, 9, '2022-05-25 00:51:10'),
	(1916, 12, 24.7, '2022-05-25 00:51:11'),
	(1917, 7, 9, '2022-05-25 00:51:34'),
	(1918, 12, 24.7, '2022-05-25 00:51:35'),
	(1919, 7, 9, '2022-05-25 00:51:59'),
	(1920, 12, 24.7, '2022-05-25 00:51:59'),
	(1921, 7, 2, '2022-05-25 00:52:23'),
	(1922, 12, 24.7, '2022-05-25 00:52:24'),
	(1923, 7, 9, '2022-05-25 00:52:47'),
	(1924, 12, 24.7, '2022-05-25 00:52:48'),
	(1925, 7, 2, '2022-05-25 00:53:32'),
	(1926, 12, 24.7, '2022-05-25 00:53:33'),
	(1927, 11, 2301.65, '2022-05-25 00:53:34'),
	(1928, 10, 32.11, '2022-05-25 00:53:34'),
	(1929, 7, 3, '2022-05-25 00:53:47'),
	(1930, 12, 24.7, '2022-05-25 00:53:48'),
	(1931, 11, 65.03, '2022-05-25 00:53:49'),
	(1932, 10, 123.74, '2022-05-25 00:53:49'),
	(1933, 7, 2, '2022-05-25 00:54:02'),
	(1934, 12, 24.7, '2022-05-25 00:54:03'),
	(1935, 11, 67.34, '2022-05-25 00:54:04'),
	(1936, 10, 127.15, '2022-05-25 00:54:04'),
	(1937, 7, 2, '2022-05-25 00:55:47'),
	(1938, 12, 24.7, '2022-05-25 00:55:48'),
	(1939, 11, 51.1, '2022-05-25 00:55:49'),
	(1940, 10, 30.41, '2022-05-25 00:55:49'),
	(1941, 7, 199, '2022-05-25 00:56:02'),
	(1942, 12, 24.7, '2022-05-25 00:56:02'),
	(1943, 11, 2313.84, '2022-05-25 00:56:03'),
	(1944, 10, 30.36, '2022-05-25 00:56:03'),
	(1945, 7, 1, '2022-05-25 00:56:17'),
	(1946, 12, 24.7, '2022-05-25 00:56:18'),
	(1947, 11, 58.46, '2022-05-25 00:56:19'),
	(1948, 10, 30.39, '2022-05-25 00:56:19'),
	(1949, 7, 1, '2022-05-25 00:56:28'),
	(1950, 12, 24.7, '2022-05-25 00:56:29'),
	(1951, 11, 57.92, '2022-05-25 00:56:31'),
	(1952, 10, 30.86, '2022-05-25 00:56:31'),
	(1953, 7, 262, '2022-05-25 00:56:43'),
	(1954, 12, 24.7, '2022-05-25 00:56:44'),
	(1955, 11, 57.98, '2022-05-25 00:56:45'),
	(1956, 10, 2547.05, '2022-05-25 00:56:45'),
	(1957, 7, 74, '2022-05-25 00:56:59'),
	(1958, 12, 24.7, '2022-05-25 00:57:00'),
	(1959, 11, 58.34, '2022-05-25 00:57:01'),
	(1960, 10, 2450, '2022-05-25 00:57:01'),
	(1961, 7, 84, '2022-05-25 00:57:14'),
	(1962, 12, 24.7, '2022-05-25 00:57:15'),
	(1963, 11, 57.26, '2022-05-25 00:57:16'),
	(1964, 10, 2450.33, '2022-05-25 00:57:16'),
	(1965, 7, 78, '2022-05-25 00:57:30'),
	(1966, 12, 24.7, '2022-05-25 00:57:30'),
	(1967, 11, 59.4, '2022-05-25 00:57:32'),
	(1968, 10, 115.73, '2022-05-25 00:57:32'),
	(1969, 7, 3, '2022-05-25 00:58:40'),
	(1970, 12, 24.8, '2022-05-25 00:58:41'),
	(1971, 11, 2300, '2022-05-25 00:58:43'),
	(1972, 10, 2319.97, '2022-05-25 00:58:43'),
	(1973, 7, 3, '2022-05-25 01:01:40'),
	(1974, 12, 24.8, '2022-05-25 01:01:40'),
	(1975, 11, 56.42, '2022-05-25 01:01:41'),
	(1976, 10, 2320.67, '2022-05-25 01:01:41'),
	(1977, 7, 94, '2022-05-25 01:02:18'),
	(1978, 12, 24.7, '2022-05-25 01:02:19'),
	(1979, 11, 10.75, '2022-05-25 01:02:20'),
	(1980, 10, 150.27, '2022-05-25 01:02:20'),
	(1981, 7, 130, '2022-05-25 01:03:06'),
	(1982, 12, 24.7, '2022-05-25 01:03:06'),
	(1983, 11, 2533.77, '2022-05-25 01:03:07'),
	(1984, 10, 247.17, '2022-05-25 01:03:07'),
	(1985, 7, 3, '2022-05-25 01:04:56'),
	(1986, 12, 25.2, '2022-05-25 01:04:57'),
	(1987, 11, 79.61, '2022-05-25 01:04:58'),
	(1988, 10, 11.66, '2022-05-25 01:04:58'),
	(1989, 7, 4, '2022-05-25 01:05:14'),
	(1990, 12, 25.1, '2022-05-25 01:05:15'),
	(1991, 11, 7.7, '2022-05-25 01:05:16'),
	(1992, 10, 10.79, '2022-05-25 01:05:16'),
	(1993, 7, 4, '2022-05-25 01:05:29'),
	(1994, 12, 25.1, '2022-05-25 01:05:30'),
	(1995, 11, 9.9, '2022-05-25 01:05:31'),
	(1996, 10, 11.66, '2022-05-25 01:05:31'),
	(1997, 7, 3, '2022-05-25 01:07:12'),
	(1998, 12, -12.8, '2022-05-25 01:07:13'),
	(1999, 11, 79.28, '2022-05-25 01:07:14'),
	(2000, 10, 155.88, '2022-05-25 01:07:14'),
	(2001, 7, 4, '2022-05-25 01:07:35'),
	(2002, 12, 25.2, '2022-05-25 01:07:35'),
	(2003, 11, 81.06, '2022-05-25 01:07:37'),
	(2004, 10, 155.87, '2022-05-25 01:07:37'),
	(2005, 7, 10, '2022-05-25 01:07:59'),
	(2006, 12, 25.3, '2022-05-25 01:08:00'),
	(2007, 11, 13.43, '2022-05-25 01:08:00'),
	(2008, 10, 134.41, '2022-05-25 01:08:00'),
	(2009, 7, 10, '2022-05-25 01:08:22'),
	(2010, 11, 80.19, '2022-05-25 01:08:25'),
	(2011, 10, 246.09, '2022-05-25 01:08:25'),
	(2012, 7, 10, '2022-05-25 01:08:47'),
	(2013, 11, 78.08, '2022-05-25 01:08:48'),
	(2014, 10, 154.49, '2022-05-25 01:08:48'),
	(2015, 7, 1, '2022-05-25 01:09:53'),
	(2016, 11, 12.25, '2022-05-25 01:09:56'),
	(2017, 10, 2320.69, '2022-05-25 01:09:56'),
	(2018, 7, 8, '2022-05-25 01:10:17'),
	(2019, 12, -12.8, '2022-05-25 01:10:18'),
	(2020, 11, 10.33, '2022-05-25 01:10:19'),
	(2021, 10, 2320.98, '2022-05-25 01:10:19'),
	(2022, 7, 8, '2022-05-25 01:10:40'),
	(2023, 11, 12.66, '2022-05-25 01:10:42'),
	(2024, 10, 2320.31, '2022-05-25 01:10:42'),
	(2025, 7, 2, '2022-05-25 01:11:04'),
	(2026, 11, 13.22, '2022-05-25 01:11:06'),
	(2027, 10, 2320.79, '2022-05-25 01:11:06'),
	(2028, 7, 2, '2022-05-25 01:11:42'),
	(2029, 12, 25.3, '2022-05-25 01:11:43'),
	(2030, 11, 11.97, '2022-05-25 01:11:44'),
	(2031, 10, 2320.21, '2022-05-25 01:11:44'),
	(2032, 7, 2, '2022-05-25 01:12:44'),
	(2033, 12, 25.4, '2022-05-25 01:12:45'),
	(2034, 11, 14.96, '2022-05-25 01:12:45'),
	(2035, 10, 2321.11, '2022-05-25 01:12:45'),
	(2036, 7, 1, '2022-05-25 01:13:21'),
	(2037, 12, 25.3, '2022-05-25 01:13:22'),
	(2038, 11, 11.3, '2022-05-25 01:13:23'),
	(2039, 10, 2320.45, '2022-05-25 01:13:23'),
	(2040, 7, 2, '2022-05-25 01:13:53'),
	(2041, 12, 25.3, '2022-05-25 01:13:54'),
	(2042, 11, 10.05, '2022-05-25 01:13:55'),
	(2043, 10, 2321.13, '2022-05-25 01:13:55'),
	(2044, 7, 1, '2022-05-25 01:15:09'),
	(2045, 12, 25.4, '2022-05-25 01:15:10'),
	(2046, 11, 13.83, '2022-05-25 01:15:12'),
	(2047, 10, 2320.24, '2022-05-25 01:15:12'),
	(2048, 7, 1, '2022-05-25 01:15:45'),
	(2049, 12, 25.2, '2022-05-25 01:15:46'),
	(2050, 11, 13.29, '2022-05-25 01:15:47'),
	(2051, 10, 2319.49, '2022-05-25 01:15:47'),
	(2052, 7, 2, '2022-05-25 01:16:16'),
	(2053, 12, 25.2, '2022-05-25 01:16:16'),
	(2054, 11, 10.57, '2022-05-25 01:16:17'),
	(2055, 10, 2320.02, '2022-05-25 01:16:17'),
	(2056, 7, 1, '2022-05-25 01:16:46'),
	(2057, 12, 25.2, '2022-05-25 01:16:46'),
	(2058, 11, 12.23, '2022-05-25 01:16:48'),
	(2059, 10, 2319.88, '2022-05-25 01:16:48'),
	(2060, 7, 1, '2022-05-25 01:17:18'),
	(2061, 12, 25.2, '2022-05-25 01:17:19'),
	(2062, 11, 12.49, '2022-05-25 01:17:20'),
	(2063, 10, 2320.21, '2022-05-25 01:17:20'),
	(2064, 7, 1, '2022-05-25 01:17:50'),
	(2065, 12, 25.2, '2022-05-25 01:17:50'),
	(2066, 11, 11.58, '2022-05-25 01:17:51'),
	(2067, 10, 2321.01, '2022-05-25 01:17:51'),
	(2068, 7, 2, '2022-05-25 01:23:34'),
	(2069, 12, 25.3, '2022-05-25 01:23:35'),
	(2070, 11, 8.73, '2022-05-25 01:23:36'),
	(2071, 10, 2320.34, '2022-05-25 01:23:36'),
	(2072, 18, 8, '2022-05-25 01:23:53'),
	(2073, 13, 25.1, '2022-05-25 01:23:54'),
	(2074, 17, 11.42, '2022-05-25 01:23:55'),
	(2075, 16, 2319.26, '2022-05-25 01:23:55'),
	(2076, 18, 8, '2022-05-25 01:24:17'),
	(2077, 13, 25.2, '2022-05-25 01:24:18'),
	(2078, 17, 9.93, '2022-05-25 01:24:18'),
	(2079, 16, 2319.3, '2022-05-25 01:24:18'),
	(2080, 18, 8, '2022-05-25 01:24:35'),
	(2081, 13, 25.1, '2022-05-25 01:24:36'),
	(2082, 17, 10.12, '2022-05-25 01:24:37'),
	(2083, 16, 2318.97, '2022-05-25 01:24:37'),
	(2084, 7, 106, '2022-05-25 17:06:28'),
	(2085, 12, 26.1, '2022-05-25 17:06:28'),
	(2086, 11, 33.48, '2022-05-25 17:06:29'),
	(2087, 10, 913.91, '2022-05-25 17:06:29'),
	(2088, 18, 158, '2022-05-25 17:06:47'),
	(2089, 13, 26.3, '2022-05-25 17:06:48'),
	(2090, 17, 8.89, '2022-05-25 17:06:49'),
	(2091, 16, 11.32, '2022-05-25 17:06:49'),
	(2092, 18, 344, '2022-05-25 17:07:11'),
	(2093, 13, 26.3, '2022-05-25 17:07:13'),
	(2094, 17, 9.09, '2022-05-25 17:07:14'),
	(2095, 16, 2571.27, '2022-05-25 17:07:14'),
	(2096, 18, 180, '2022-05-25 17:07:31'),
	(2097, 13, 26.3, '2022-05-25 17:07:31'),
	(2098, 17, 16.64, '2022-05-25 17:07:33'),
	(2099, 16, 2482.71, '2022-05-25 17:07:33'),
	(2100, 18, 310, '2022-05-25 17:07:56'),
	(2101, 13, 26.4, '2022-05-25 17:07:58'),
	(2102, 17, 17.05, '2022-05-25 17:08:00'),
	(2103, 16, 14.27, '2022-05-25 17:08:00'),
	(2104, 18, 331, '2022-05-25 17:08:17'),
	(2105, 13, 26.6, '2022-05-25 17:08:17'),
	(2106, 17, 2558.42, '2022-05-25 17:08:19'),
	(2107, 16, 11.53, '2022-05-25 17:08:19'),
	(2108, 1, 16.35, '2022-05-25 17:11:31'),
	(2109, 2, 8.96, '2022-05-25 17:11:31'),
	(2110, 1, 16.35, '2022-05-25 17:11:42'),
	(2111, 2, 7.24, '2022-05-25 17:11:42'),
	(2112, 1, 16.35, '2022-05-25 17:11:52'),
	(2113, 2, 6.8, '2022-05-25 17:11:52'),
	(2114, 6, 1024, '2022-05-25 17:12:03'),
	(2115, 1, 16.35, '2022-05-25 17:12:03'),
	(2116, 2, 7.92, '2022-05-25 17:12:03'),
	(2117, 5, 26.4, '2022-05-25 17:12:04'),
	(2118, 1, 16.35, '2022-05-25 17:12:14'),
	(2119, 2, 10.54, '2022-05-25 17:12:14'),
	(2120, 1, 16.76, '2022-05-25 17:12:26'),
	(2121, 2, 6.32, '2022-05-25 17:12:26'),
	(2122, 1, 16.37, '2022-05-25 17:12:37'),
	(2123, 2, 8.86, '2022-05-25 17:12:37'),
	(2124, 1, 16.78, '2022-05-25 17:12:48'),
	(2125, 2, 9.15, '2022-05-25 17:12:48'),
	(2126, 1, 16.37, '2022-05-25 17:12:59'),
	(2127, 2, 2310.64, '2022-05-25 17:12:59'),
	(2128, 6, 1024, '2022-05-25 17:13:10'),
	(2129, 1, 16.35, '2022-05-25 17:13:11'),
	(2130, 2, 2309.53, '2022-05-25 17:13:11'),
	(2131, 5, 26.6, '2022-05-25 17:13:11'),
	(2132, 1, 16.35, '2022-05-25 17:13:22'),
	(2133, 2, 10.28, '2022-05-25 17:13:22'),
	(2134, 1, 17.65, '2022-05-25 17:13:33'),
	(2135, 2, 7.75, '2022-05-25 17:13:33'),
	(2136, 1, 16.76, '2022-05-25 17:13:46'),
	(2137, 2, 2311.49, '2022-05-25 17:13:46'),
	(2138, 1, 16.76, '2022-05-25 17:13:57'),
	(2139, 2, 2312.9, '2022-05-25 17:13:57'),
	(2140, 1, 17.19, '2022-05-25 17:14:08'),
	(2141, 2, 2312.66, '2022-05-25 17:14:08'),
	(2142, 6, 1024, '2022-05-25 17:14:20'),
	(2143, 1, 17.17, '2022-05-25 17:14:20'),
	(2144, 2, 2313.78, '2022-05-25 17:14:20'),
	(2145, 5, 26.8, '2022-05-25 17:14:20'),
	(2146, 1, 16.32, '2022-05-25 17:14:31'),
	(2147, 2, 2313.27, '2022-05-25 17:14:31'),
	(2148, 1, 16.51, '2022-05-25 17:15:21'),
	(2149, 2, 9.16, '2022-05-25 17:15:21'),
	(2150, 1, 16.52, '2022-05-25 17:15:32'),
	(2151, 2, 11.25, '2022-05-25 17:15:32'),
	(2152, 1, 16.92, '2022-05-25 17:15:43'),
	(2153, 2, 7.02, '2022-05-25 17:15:43'),
	(2154, 1, 16.52, '2022-05-25 17:15:55'),
	(2155, 2, 10.23, '2022-05-25 17:15:55'),
	(2156, 6, 1024, '2022-05-25 17:16:06'),
	(2157, 1, 17.32, '2022-05-25 17:16:06'),
	(2158, 2, 7.67, '2022-05-25 17:16:06'),
	(2159, 1, 16.92, '2022-05-25 17:16:26'),
	(2160, 2, 7.99, '2022-05-25 17:16:26'),
	(2161, 1, 16.46, '2022-05-25 17:16:37'),
	(2162, 2, 8.84, '2022-05-25 17:16:37'),
	(2163, 1, 16.46, '2022-05-25 17:16:48'),
	(2164, 2, 8.84, '2022-05-25 17:16:48'),
	(2165, 1, 17.32, '2022-05-25 17:17:00'),
	(2166, 2, 8.87, '2022-05-25 17:17:00'),
	(2167, 6, 999, '2022-05-25 17:17:13'),
	(2168, 1, 16.92, '2022-05-25 17:17:15'),
	(2169, 2, 5.88, '2022-05-25 17:17:15'),
	(2170, 1, 16.93, '2022-05-25 17:17:33'),
	(2171, 2, 6.39, '2022-05-25 17:17:33'),
	(2172, 1, 16.47, '2022-05-25 17:17:45'),
	(2173, 2, 6.85, '2022-05-25 17:17:45'),
	(2174, 1, 16.93, '2022-05-25 17:17:56'),
	(2175, 2, 6.85, '2022-05-25 17:17:56'),
	(2176, 1, 16.93, '2022-05-25 17:18:09'),
	(2177, 2, 6.95, '2022-05-25 17:18:09'),
	(2178, 6, 1017, '2022-05-25 17:18:23'),
	(2179, 1, 16.51, '2022-05-25 17:18:23'),
	(2180, 2, 6.95, '2022-05-25 17:18:23'),
	(2181, 1, 17.34, '2022-05-25 17:18:42'),
	(2182, 2, 6.94, '2022-05-25 17:18:42'),
	(2183, 1, 16.52, '2022-05-25 17:18:54'),
	(2184, 2, 6.95, '2022-05-25 17:18:54'),
	(2185, 1, 17.34, '2022-05-25 17:19:06'),
	(2186, 2, 7.02, '2022-05-25 17:19:06'),
	(2187, 1, 16.46, '2022-05-25 17:19:18'),
	(2188, 2, 6.29, '2022-05-25 17:19:18'),
	(2189, 6, 933, '2022-05-25 17:19:30'),
	(2190, 1, 16.47, '2022-05-25 17:19:31'),
	(2191, 2, 6.8, '2022-05-25 17:19:31'),
	(2192, 1, 16.46, '2022-05-25 17:19:49'),
	(2193, 2, 6.87, '2022-05-25 17:19:49'),
	(2194, 1, 120.29, '2022-05-25 17:29:15'),
	(2195, 2, 20.98, '2022-05-25 17:29:15'),
	(2196, 1, 34.6, '2022-05-25 17:29:27'),
	(2197, 2, 5.17, '2022-05-25 17:29:27'),
	(2198, 1, 118.59, '2022-05-25 17:29:40'),
	(2199, 2, 5.61, '2022-05-25 17:29:40'),
	(2200, 1, 34.56, '2022-05-25 17:29:54'),
	(2201, 2, 5.17, '2022-05-25 17:29:54'),
	(2202, 1, 118.08, '2022-05-25 17:30:06'),
	(2203, 2, 5.17, '2022-05-25 17:30:06'),
	(2204, 6, 1003, '2022-05-25 17:30:08'),
	(2205, 5, 27, '2022-05-25 17:30:08'),
	(2206, 1, 10.85, '2022-05-25 17:30:19'),
	(2207, 2, 5.17, '2022-05-25 17:30:19'),
	(2208, 1, 123.59, '2022-05-25 17:30:33'),
	(2209, 2, 5.17, '2022-05-25 17:30:33'),
	(2210, 1, 2342.02, '2022-05-25 17:30:45'),
	(2211, 2, 5.81, '2022-05-25 17:30:45'),
	(2212, 1, 18.26, '2022-05-25 21:55:10'),
	(2213, 2, 2366.01, '2022-05-25 21:55:10'),
	(2214, 1, 19.11, '2022-05-25 21:55:21'),
	(2215, 2, 2362.98, '2022-05-25 21:55:21'),
	(2216, 1, 19.11, '2022-05-25 21:55:42'),
	(2217, 2, 2363.48, '2022-05-25 21:55:42'),
	(2218, 1, 18.82, '2022-05-25 21:56:17'),
	(2219, 2, 7.75, '2022-05-25 21:56:17'),
	(2220, 1, 19.23, '2022-05-25 21:56:37'),
	(2221, 2, 7.79, '2022-05-25 21:56:37'),
	(2222, 1, 18.85, '2022-05-25 21:56:58'),
	(2223, 2, 7.72, '2022-05-25 21:56:58'),
	(2224, 1, 18.85, '2022-05-25 21:57:19'),
	(2225, 2, 7.72, '2022-05-25 21:57:19'),
	(2226, 1, 18.87, '2022-05-25 21:58:00'),
	(2227, 2, 7.72, '2022-05-25 21:58:00'),
	(2228, 1, 19.28, '2022-05-25 21:58:24'),
	(2229, 2, 2496.55, '2022-05-25 21:58:24'),
	(2230, 1, 19.28, '2022-05-25 21:58:35'),
	(2231, 2, 11.87, '2022-05-25 21:58:35'),
	(2232, 1, 19.28, '2022-05-25 21:58:47'),
	(2233, 2, 9.35, '2022-05-25 21:58:47'),
	(2234, 1, 19.28, '2022-05-25 21:58:58'),
	(2235, 2, 9.32, '2022-05-25 21:58:58'),
	(2236, 1, 16.56, '2022-05-25 21:59:10'),
	(2237, 2, 7.63, '2022-05-25 21:59:10'),
	(2238, 1, 16.97, '2022-05-25 21:59:22'),
	(2239, 2, 7.96, '2022-05-25 21:59:22'),
	(2240, 6, 242, '2022-05-25 21:59:23'),
	(2241, 5, 23.1, '2022-05-25 21:59:23'),
	(2242, 1, 16.97, '2022-05-25 21:59:34'),
	(2243, 2, 7.99, '2022-05-25 21:59:34'),
	(2244, 1, 16.97, '2022-05-25 21:59:46'),
	(2245, 2, 7.99, '2022-05-25 21:59:46'),
	(2246, 1, 16.98, '2022-05-25 21:59:57'),
	(2247, 2, 7.99, '2022-05-25 21:59:57'),
	(2248, 1, 16.97, '2022-05-25 22:00:09'),
	(2249, 2, 7.99, '2022-05-25 22:00:09'),
	(2250, 1, 16.98, '2022-05-25 22:00:20'),
	(2251, 2, 7.99, '2022-05-25 22:00:20'),
	(2252, 1, 16.97, '2022-05-25 22:00:32'),
	(2253, 2, 7.99, '2022-05-25 22:00:32'),
	(2254, 6, 89, '2022-05-25 22:00:32'),
	(2255, 5, 23.3, '2022-05-25 22:00:33'),
	(2256, 1, 17.59, '2022-05-25 22:00:44'),
	(2257, 2, 9.37, '2022-05-25 22:00:44'),
	(2258, 1, 17.17, '2022-05-25 22:00:55'),
	(2259, 2, 6.49, '2022-05-25 22:00:56'),
	(2260, 1, 17.22, '2022-05-25 22:01:25'),
	(2261, 2, 9.93, '2022-05-25 22:01:25'),
	(2262, 1, 17.24, '2022-05-25 22:01:37'),
	(2263, 2, 10.8, '2022-05-25 22:01:37'),
	(2264, 1, 17.24, '2022-05-25 22:01:48'),
	(2265, 2, 9.94, '2022-05-25 22:01:48'),
	(2266, 1, 17.24, '2022-05-25 22:02:10'),
	(2267, 2, 9.52, '2022-05-25 22:02:10'),
	(2268, 6, 84, '2022-05-25 22:02:11'),
	(2269, 5, 23.4, '2022-05-25 22:02:12'),
	(2270, 1, 17.25, '2022-05-25 22:02:23'),
	(2271, 2, 9.93, '2022-05-25 22:02:23'),
	(2272, 1, 17.24, '2022-05-25 22:02:34'),
	(2273, 2, 9.93, '2022-05-25 22:02:34'),
	(2274, 1, 5.54, '2022-05-25 22:03:09'),
	(2275, 2, 146.61, '2022-05-25 22:03:09'),
	(2276, 1, 5.54, '2022-05-25 22:03:21'),
	(2277, 2, 6.97, '2022-05-25 22:03:21'),
	(2278, 1, 5.53, '2022-05-25 22:03:38'),
	(2279, 2, 8.09, '2022-05-25 22:03:38'),
	(2280, 1, 5.54, '2022-05-25 22:03:50'),
	(2281, 2, 8.06, '2022-05-25 22:03:50'),
	(2282, 1, 5.54, '2022-05-25 22:04:01'),
	(2283, 2, 8.09, '2022-05-25 22:04:01'),
	(2284, 1, 5.54, '2022-05-25 22:04:12'),
	(2285, 2, 8.3, '2022-05-25 22:04:12'),
	(2286, 1, 5.53, '2022-05-25 22:04:24'),
	(2287, 2, 7.89, '2022-05-25 22:04:24'),
	(2288, 6, 117, '2022-05-25 22:04:25'),
	(2289, 5, 23.5, '2022-05-25 22:04:25'),
	(2290, 1, 5.54, '2022-05-25 22:04:36'),
	(2291, 2, 7.89, '2022-05-25 22:04:36'),
	(2292, 1, 5.53, '2022-05-25 22:04:48'),
	(2293, 2, 7.85, '2022-05-25 22:04:48'),
	(2294, 1, 5.53, '2022-05-25 22:05:00'),
	(2295, 2, 7.89, '2022-05-25 22:05:00'),
	(2296, 1, 5.53, '2022-05-25 22:05:11'),
	(2297, 2, 7.89, '2022-05-25 22:05:11'),
	(2298, 7, 56, '2022-05-25 22:05:45'),
	(2299, 11, 5.68, '2022-05-25 22:05:47'),
	(2300, 10, 7.96, '2022-05-25 22:05:47'),
	(2301, 7, 56, '2022-05-25 22:06:08'),
	(2302, 11, 5.66, '2022-05-25 22:06:10'),
	(2303, 10, 7.96, '2022-05-25 22:06:10'),
	(2304, 7, 56, '2022-05-25 22:06:31'),
	(2305, 11, 5.66, '2022-05-25 22:06:34'),
	(2306, 10, 7.92, '2022-05-25 22:06:34'),
	(2307, 7, 63, '2022-05-25 22:06:55'),
	(2308, 11, 5.68, '2022-05-25 22:06:56'),
	(2309, 10, 7.96, '2022-05-25 22:06:56'),
	(2310, 7, 64, '2022-05-25 22:07:18'),
	(2311, 11, 5.66, '2022-05-25 22:07:20'),
	(2312, 10, 7.96, '2022-05-25 22:07:20'),
	(2313, 1, 5.49, '2022-05-25 22:08:08'),
	(2314, 2, 2524.26, '2022-05-25 22:08:08'),
	(2315, 1, 5.08, '2022-05-25 22:08:19'),
	(2316, 2, 2525.03, '2022-05-25 22:08:19'),
	(2317, 1, 5.08, '2022-05-25 22:08:31'),
	(2318, 2, 2524.36, '2022-05-25 22:08:31'),
	(2319, 1, 5.08, '2022-05-25 22:08:46'),
	(2320, 2, 1895.6, '2022-05-25 22:08:46'),
	(2321, 1, 5.08, '2022-05-25 22:08:58'),
	(2322, 2, 61.18, '2022-05-25 22:08:58'),
	(2323, 1, 5.08, '2022-05-25 22:09:18'),
	(2324, 2, 2422.19, '2022-05-25 22:09:18'),
	(2325, 1, 5.08, '2022-05-25 22:09:29'),
	(2326, 2, 2416.91, '2022-05-25 22:09:29'),
	(2327, 1, 5.08, '2022-05-25 22:10:21'),
	(2328, 2, 2429.47, '2022-05-25 22:10:21'),
	(2329, 1, 5.08, '2022-05-25 22:10:33'),
	(2330, 2, 2429.81, '2022-05-25 22:10:33'),
	(2331, 1, 5.08, '2022-05-25 22:11:19'),
	(2332, 2, 2426.5, '2022-05-25 22:11:19'),
	(2333, 1, 5.08, '2022-05-25 22:11:30'),
	(2334, 2, 2426.39, '2022-05-25 22:11:30'),
	(2335, 1, 5.08, '2022-05-25 22:11:42'),
	(2336, 2, 2426.31, '2022-05-25 22:11:42'),
	(2337, 1, 5.08, '2022-05-25 22:11:53'),
	(2338, 2, 2426.34, '2022-05-25 22:11:53'),
	(2339, 1, 5.08, '2022-05-25 22:12:05'),
	(2340, 2, 2426.29, '2022-05-25 22:12:05'),
	(2341, 6, 20, '2022-05-25 22:12:05'),
	(2342, 5, 23.5, '2022-05-25 22:12:06'),
	(2343, 1, 5.08, '2022-05-25 22:12:17'),
	(2344, 2, 2426.61, '2022-05-25 22:12:17'),
	(2345, 1, 5.08, '2022-05-25 22:12:29'),
	(2346, 2, 2426.99, '2022-05-25 22:12:29'),
	(2347, 1, 5.08, '2022-05-25 22:12:40'),
	(2348, 2, 2426.39, '2022-05-25 22:12:40'),
	(2349, 1, 5.08, '2022-05-25 22:12:53'),
	(2350, 2, 2426.43, '2022-05-25 22:12:53'),
	(2351, 1, 5.08, '2022-05-25 22:13:05'),
	(2352, 2, 2426.27, '2022-05-25 22:13:05'),
	(2353, 1, 5.08, '2022-05-25 22:13:17'),
	(2354, 2, 2425.66, '2022-05-25 22:13:17'),
	(2355, 6, 20, '2022-05-25 22:13:17'),
	(2356, 5, 23.5, '2022-05-25 22:13:18'),
	(2357, 1, 5.08, '2022-05-25 22:13:29'),
	(2358, 2, 2425.76, '2022-05-25 22:13:29'),
	(2359, 1, 5.05, '2022-05-25 22:14:50'),
	(2360, 2, 8.23, '2022-05-25 22:14:50'),
	(2361, 1, 5.05, '2022-05-25 22:15:02'),
	(2362, 2, 8.64, '2022-05-25 22:15:02'),
	(2363, 1, 5.05, '2022-05-25 22:15:13'),
	(2364, 2, 8.64, '2022-05-25 22:15:13'),
	(2365, 1, 5.08, '2022-05-25 22:15:24'),
	(2366, 2, 8.64, '2022-05-25 22:15:24'),
	(2367, 1, 5.08, '2022-05-25 22:15:36'),
	(2368, 2, 8.23, '2022-05-25 22:15:36'),
	(2369, 6, 7, '2022-05-25 22:15:37'),
	(2370, 5, 23.5, '2022-05-25 22:15:37'),
	(2371, 1, 7.75, '2022-05-25 22:24:01'),
	(2372, 2, 5.98, '2022-05-25 22:24:01'),
	(2373, 1, 7.33, '2022-05-25 22:24:51'),
	(2374, 2, 5.81, '2022-05-25 22:24:51'),
	(2375, 1, 7.33, '2022-05-25 22:25:11'),
	(2376, 2, 5.81, '2022-05-25 22:25:11'),
	(2377, 1, 7.33, '2022-05-25 22:25:22'),
	(2378, 2, 5.81, '2022-05-25 22:25:22'),
	(2379, 1, 6.89, '2022-05-25 22:30:39'),
	(2380, 2, 6.32, '2022-05-25 22:30:39'),
	(2381, 1, 6.92, '2022-05-25 22:31:11'),
	(2382, 2, 6.32, '2022-05-25 22:31:11'),
	(2383, 1, 7.33, '2022-05-25 22:31:23'),
	(2384, 2, 6.8, '2022-05-25 22:31:23'),
	(2385, 1, 7.33, '2022-05-25 22:31:39'),
	(2386, 2, 6.8, '2022-05-25 22:31:39'),
	(2387, 1, 6.89, '2022-05-25 22:33:07'),
	(2388, 2, 5.81, '2022-05-25 22:33:07'),
	(2389, 1, 7.05, '2022-05-25 22:33:39'),
	(2390, 2, 6.19, '2022-05-25 22:33:39'),
	(2391, 17, 7.05, '2022-05-25 22:33:45'),
	(2392, 16, 6.19, '2022-05-25 22:33:45'),
	(2393, 17, 7.05, '2022-05-25 22:33:52'),
	(2394, 16, 6.19, '2022-05-25 22:33:52'),
	(2395, 17, 7.05, '2022-05-25 22:33:58'),
	(2396, 16, 6.19, '2022-05-25 22:33:58'),
	(2397, 17, 7.05, '2022-05-25 22:34:05'),
	(2398, 16, 6.22, '2022-05-25 22:34:05'),
	(2399, 17, 7.04, '2022-05-25 22:34:12'),
	(2400, 16, 6.19, '2022-05-25 22:34:12'),
	(2401, 17, 7.05, '2022-05-25 22:34:18'),
	(2402, 16, 6.26, '2022-05-25 22:34:18'),
	(2403, 17, 7.05, '2022-05-25 22:34:25'),
	(2404, 16, 6.26, '2022-05-25 22:34:25'),
	(2405, 17, 7.05, '2022-05-25 22:34:32'),
	(2406, 16, 6.22, '2022-05-25 22:34:32'),
	(2407, 18, 2, '2022-05-25 22:34:32'),
	(2408, 13, 23.5, '2022-05-25 22:34:33'),
	(2409, 17, 7.05, '2022-05-25 22:34:39'),
	(2410, 16, 5.81, '2022-05-25 22:34:39'),
	(2411, 18, 2, '2022-05-25 22:34:39'),
	(2412, 13, 23.5, '2022-05-25 22:34:39'),
	(2413, 17, 7.05, '2022-05-25 22:34:45'),
	(2414, 16, 6.22, '2022-05-25 22:34:45'),
	(2415, 17, 7.05, '2022-05-25 22:34:52'),
	(2416, 16, 5.81, '2022-05-25 22:34:52'),
	(2417, 17, 7.45, '2022-05-25 22:34:58'),
	(2418, 16, 6.19, '2022-05-25 22:34:58'),
	(2419, 17, 7.05, '2022-05-25 22:35:05'),
	(2420, 16, 6.22, '2022-05-25 22:35:05'),
	(2421, 17, 8.33, '2022-05-25 22:35:12'),
	(2422, 16, 6.22, '2022-05-25 22:35:12'),
	(2423, 17, 8.31, '2022-05-25 22:35:18'),
	(2424, 16, 6.22, '2022-05-25 22:35:18'),
	(2425, 17, 8.31, '2022-05-25 22:35:25'),
	(2426, 16, 6.26, '2022-05-25 22:35:25'),
	(2427, 17, 7.46, '2022-05-25 22:35:31'),
	(2428, 16, 6.22, '2022-05-25 22:35:31'),
	(2429, 17, 8.31, '2022-05-25 22:35:38'),
	(2430, 16, 6.22, '2022-05-25 22:35:38'),
	(2431, 18, 2, '2022-05-25 22:35:38'),
	(2432, 13, 23.5, '2022-05-25 22:35:39'),
	(2433, 17, 8.33, '2022-05-25 22:35:45'),
	(2434, 16, 6.26, '2022-05-25 22:35:45'),
	(2435, 18, 2, '2022-05-25 22:35:45'),
	(2436, 13, 23.5, '2022-05-25 22:35:46'),
	(2437, 17, 8.33, '2022-05-25 22:35:52'),
	(2438, 16, 6.22, '2022-05-25 22:35:52'),
	(2439, 17, 7.45, '2022-05-25 22:35:59'),
	(2440, 16, 5.81, '2022-05-25 22:35:59'),
	(2441, 17, 7.46, '2022-05-25 22:36:05'),
	(2442, 16, 6.26, '2022-05-25 22:36:05'),
	(2443, 17, 7.05, '2022-05-25 22:39:01'),
	(2444, 16, 6.12, '2022-05-25 22:39:01'),
	(2445, 17, 7.33, '2022-05-25 22:39:42'),
	(2446, 16, 6.56, '2022-05-25 22:39:42'),
	(2447, 11, 7.33, '2022-05-25 22:39:48'),
	(2448, 10, 6.56, '2022-05-25 22:39:48'),
	(2449, 17, 6.89, '2022-05-25 22:39:55'),
	(2450, 16, 6.53, '2022-05-25 22:39:55'),
	(2451, 11, 6.89, '2022-05-25 22:40:01'),
	(2452, 10, 6.53, '2022-05-25 22:40:01'),
	(2453, 17, 6.92, '2022-05-25 22:40:07'),
	(2454, 16, 6.53, '2022-05-25 22:40:07'),
	(2455, 11, 6.92, '2022-05-25 22:40:14'),
	(2456, 10, 6.12, '2022-05-25 22:40:14'),
	(2457, 17, 6.89, '2022-05-25 22:40:20'),
	(2458, 16, 6.53, '2022-05-25 22:40:20'),
	(2459, 11, 6.92, '2022-05-25 22:40:26'),
	(2460, 10, 6.53, '2022-05-25 22:40:26'),
	(2461, 7, 0, '2022-05-25 22:40:27'),
	(2462, 12, 23.5, '2022-05-25 22:40:27'),
	(2463, 17, 6.89, '2022-05-25 22:40:33'),
	(2464, 16, 6.12, '2022-05-25 22:40:33'),
	(2465, 18, 0, '2022-05-25 22:40:33'),
	(2466, 13, 23.5, '2022-05-25 22:40:34'),
	(2467, 11, 7.33, '2022-05-25 22:40:40'),
	(2468, 10, 6.56, '2022-05-25 22:40:40'),
	(2469, 17, 7.29, '2022-05-25 22:40:46'),
	(2470, 16, 6.53, '2022-05-25 22:40:46'),
	(2471, 11, 7.29, '2022-05-25 22:40:52'),
	(2472, 10, 6.49, '2022-05-25 22:40:52'),
	(2473, 17, 7.29, '2022-05-25 22:40:59'),
	(2474, 16, 6.09, '2022-05-25 22:40:59'),
	(2475, 11, 7.33, '2022-05-25 22:41:05'),
	(2476, 10, 6.49, '2022-05-25 22:41:05'),
	(2477, 17, 7.33, '2022-05-25 22:41:11'),
	(2478, 16, 6.49, '2022-05-25 22:41:11'),
	(2479, 11, 6.89, '2022-05-25 22:41:18'),
	(2480, 10, 6.49, '2022-05-25 22:41:18'),
	(2481, 17, 7.29, '2022-05-25 22:41:24'),
	(2482, 16, 6.09, '2022-05-25 22:41:24'),
	(2483, 11, 7.33, '2022-05-25 22:41:30'),
	(2484, 10, 6.49, '2022-05-25 22:41:30'),
	(2485, 7, 9, '2022-05-25 22:41:31'),
	(2486, 12, 23.5, '2022-05-25 22:41:31'),
	(2487, 17, 7.29, '2022-05-25 22:41:37'),
	(2488, 16, 6.49, '2022-05-25 22:41:37'),
	(2489, 18, 9, '2022-05-25 22:41:37'),
	(2490, 13, 23.5, '2022-05-25 22:41:38'),
	(2491, 11, 7.29, '2022-05-25 22:41:44'),
	(2492, 10, 6.49, '2022-05-25 22:41:44'),
	(2493, 17, 7.29, '2022-05-25 22:41:50'),
	(2494, 16, 6.09, '2022-05-25 22:41:50'),
	(2495, 11, 6.89, '2022-05-25 22:41:57'),
	(2496, 10, 6.49, '2022-05-25 22:41:57'),
	(2497, 17, 7.33, '2022-05-25 22:42:03'),
	(2498, 16, 6.48, '2022-05-25 22:42:03'),
	(2499, 11, 7.33, '2022-05-25 22:42:10'),
	(2500, 10, 6.09, '2022-05-25 22:42:10'),
	(2501, 17, 6.89, '2022-05-25 22:42:16'),
	(2502, 16, 6.09, '2022-05-25 22:42:16'),
	(2503, 11, 6.89, '2022-05-25 22:42:22'),
	(2504, 10, 6.53, '2022-05-25 22:42:22'),
	(2505, 17, 7.29, '2022-05-25 22:42:29'),
	(2506, 16, 6.49, '2022-05-25 22:42:29'),
	(2507, 11, 7.33, '2022-05-25 22:42:35'),
	(2508, 10, 6.53, '2022-05-25 22:42:35'),
	(2509, 7, 0, '2022-05-25 22:42:36'),
	(2510, 12, 23.5, '2022-05-25 22:42:36'),
	(2511, 17, 7.33, '2022-05-25 22:42:43'),
	(2512, 16, 6.53, '2022-05-25 22:42:43'),
	(2513, 18, 0, '2022-05-25 22:42:43'),
	(2514, 13, 23.6, '2022-05-25 22:42:44'),
	(2515, 11, 7.33, '2022-05-25 22:42:50'),
	(2516, 10, 6.53, '2022-05-25 22:42:50'),
	(2517, 17, 7.33, '2022-05-25 22:42:56'),
	(2518, 16, 6.53, '2022-05-25 22:42:56'),
	(2519, 11, 6.92, '2022-05-25 22:43:02'),
	(2520, 10, 6.56, '2022-05-25 22:43:02'),
	(2521, 17, 6.92, '2022-05-25 22:43:08'),
	(2522, 16, 6.09, '2022-05-25 22:43:08'),
	(2523, 11, 6.89, '2022-05-25 22:43:15'),
	(2524, 10, 6.07, '2022-05-25 22:43:15'),
	(2525, 17, 7.33, '2022-05-25 22:43:21'),
	(2526, 16, 6.07, '2022-05-25 22:43:21'),
	(2527, 11, 7.33, '2022-05-25 22:43:28'),
	(2528, 10, 6.49, '2022-05-25 22:43:28'),
	(2529, 17, 7.33, '2022-05-25 22:43:34'),
	(2530, 16, 6.09, '2022-05-25 22:43:34'),
	(2531, 11, 7.33, '2022-05-25 22:43:40'),
	(2532, 10, 6.56, '2022-05-25 22:43:40'),
	(2533, 7, 0, '2022-05-25 22:43:41'),
	(2534, 12, 23.6, '2022-05-25 22:43:41'),
	(2535, 17, 7.29, '2022-05-25 22:43:47'),
	(2536, 16, 6.07, '2022-05-25 22:43:47'),
	(2537, 18, 0, '2022-05-25 22:43:48'),
	(2538, 13, 23.6, '2022-05-25 22:43:48'),
	(2539, 11, 7.29, '2022-05-25 22:43:54'),
	(2540, 10, 6.49, '2022-05-25 22:43:54'),
	(2541, 17, 7.29, '2022-05-25 22:44:00'),
	(2542, 16, 6.07, '2022-05-25 22:44:00'),
	(2543, 11, 7.33, '2022-05-25 22:44:07'),
	(2544, 10, 6.49, '2022-05-25 22:44:07'),
	(2545, 17, 7.33, '2022-05-25 22:44:13'),
	(2546, 16, 6.09, '2022-05-25 22:44:13'),
	(2547, 11, 7.33, '2022-05-25 22:44:20'),
	(2548, 10, 6.09, '2022-05-25 22:44:20'),
	(2549, 17, 7.33, '2022-05-25 22:44:27'),
	(2550, 16, 6.09, '2022-05-25 22:44:27'),
	(2551, 11, 7.33, '2022-05-25 22:44:33'),
	(2552, 10, 6.49, '2022-05-25 22:44:33'),
	(2553, 17, 7.29, '2022-05-25 22:44:39'),
	(2554, 16, 6.07, '2022-05-25 22:44:39'),
	(2555, 11, 7.33, '2022-05-25 22:44:46'),
	(2556, 10, 6.07, '2022-05-25 22:44:46'),
	(2557, 7, 0, '2022-05-25 22:44:46'),
	(2558, 12, 23.6, '2022-05-25 22:44:47'),
	(2559, 17, 7.33, '2022-05-25 22:44:53'),
	(2560, 16, 6.07, '2022-05-25 22:44:53'),
	(2561, 18, 0, '2022-05-25 22:44:54'),
	(2562, 13, 23.6, '2022-05-25 22:44:54'),
	(2563, 11, 7.33, '2022-05-25 22:45:00'),
	(2564, 10, 6.49, '2022-05-25 22:45:00'),
	(2565, 17, 7.33, '2022-05-25 22:45:07'),
	(2566, 16, 6.09, '2022-05-25 22:45:07'),
	(2567, 11, 7.33, '2022-05-25 22:45:13'),
	(2568, 10, 6.09, '2022-05-25 22:45:13'),
	(2569, 17, 7.33, '2022-05-25 22:45:20'),
	(2570, 16, 6.07, '2022-05-25 22:45:20'),
	(2571, 11, 7.33, '2022-05-25 22:45:26'),
	(2572, 10, 6.53, '2022-05-25 22:45:26'),
	(2573, 17, 7.29, '2022-05-25 22:45:32'),
	(2574, 16, 6.09, '2022-05-25 22:45:32'),
	(2575, 11, 7.33, '2022-05-25 22:45:39'),
	(2576, 10, 6.07, '2022-05-25 22:45:39'),
	(2577, 17, 7.33, '2022-05-25 22:45:45'),
	(2578, 16, 6.07, '2022-05-25 22:45:45'),
	(2579, 11, 7.33, '2022-05-25 22:45:51'),
	(2580, 10, 6.49, '2022-05-25 22:45:51'),
	(2581, 7, 0, '2022-05-25 22:45:52'),
	(2582, 12, 23.7, '2022-05-25 22:45:52'),
	(2583, 17, 7.33, '2022-05-25 22:45:58'),
	(2584, 16, 6.09, '2022-05-25 22:45:58'),
	(2585, 18, 0, '2022-05-25 22:45:59'),
	(2586, 13, 23.6, '2022-05-25 22:45:59'),
	(2587, 11, 7.33, '2022-05-25 22:46:05'),
	(2588, 10, 6.48, '2022-05-25 22:46:05'),
	(2589, 17, 7.33, '2022-05-25 22:46:12'),
	(2590, 16, 6.49, '2022-05-25 22:46:12'),
	(2591, 11, 7.33, '2022-05-25 22:46:19'),
	(2592, 10, 6.49, '2022-05-25 22:46:19'),
	(2593, 17, 7.29, '2022-05-25 22:46:25'),
	(2594, 16, 6.49, '2022-05-25 22:46:25'),
	(2595, 11, 7.33, '2022-05-25 22:46:31'),
	(2596, 10, 6.46, '2022-05-25 22:46:31'),
	(2597, 17, 7.33, '2022-05-25 22:46:38'),
	(2598, 16, 6.46, '2022-05-25 22:46:38'),
	(2599, 11, 7.33, '2022-05-25 22:46:44'),
	(2600, 10, 6.43, '2022-05-25 22:46:44'),
	(2601, 17, 7.33, '2022-05-25 22:46:51'),
	(2602, 16, 6.02, '2022-05-25 22:46:51'),
	(2603, 11, 7.33, '2022-05-25 22:46:57'),
	(2604, 10, 6.05, '2022-05-25 22:46:57'),
	(2605, 7, 0, '2022-05-25 22:46:57'),
	(2606, 12, 23.7, '2022-05-25 22:46:58'),
	(2607, 17, 7.33, '2022-05-25 22:47:04'),
	(2608, 16, 6.05, '2022-05-25 22:47:04'),
	(2609, 18, 0, '2022-05-25 22:47:04'),
	(2610, 13, 23.7, '2022-05-25 22:47:05'),
	(2611, 11, 7.33, '2022-05-25 22:47:10'),
	(2612, 10, 6.02, '2022-05-25 22:47:10'),
	(2613, 17, 7.33, '2022-05-25 22:47:17'),
	(2614, 16, 6.02, '2022-05-25 22:47:17'),
	(2615, 11, 7.33, '2022-05-25 22:47:23'),
	(2616, 10, 6.02, '2022-05-25 22:47:23'),
	(2617, 17, 7.33, '2022-05-25 22:47:29'),
	(2618, 16, 6.02, '2022-05-25 22:47:29'),
	(2619, 11, 7.33, '2022-05-25 22:47:35'),
	(2620, 10, 6.02, '2022-05-25 22:47:35'),
	(2621, 17, 7.33, '2022-05-25 22:47:42'),
	(2622, 16, 6.02, '2022-05-25 22:47:42'),
	(2623, 11, 7.33, '2022-05-25 22:47:48'),
	(2624, 10, 6.02, '2022-05-25 22:47:48'),
	(2625, 17, 7.33, '2022-05-25 22:47:54'),
	(2626, 16, 6.02, '2022-05-25 22:47:54'),
	(2627, 11, 7.33, '2022-05-25 22:48:01'),
	(2628, 10, 6.02, '2022-05-25 22:48:01'),
	(2629, 7, 0, '2022-05-25 22:48:01'),
	(2630, 12, 23.7, '2022-05-25 22:48:02'),
	(2631, 17, 7.33, '2022-05-25 22:48:08'),
	(2632, 16, 6.05, '2022-05-25 22:48:08'),
	(2633, 18, 0, '2022-05-25 22:48:08'),
	(2634, 13, 23.7, '2022-05-25 22:48:09'),
	(2635, 11, 7.33, '2022-05-25 22:48:15'),
	(2636, 10, 6.02, '2022-05-25 22:48:15'),
	(2637, 17, 7.34, '2022-05-25 22:48:21'),
	(2638, 16, 6.02, '2022-05-25 22:48:21'),
	(2639, 11, 7.33, '2022-05-25 22:48:28'),
	(2640, 10, 6.02, '2022-05-25 22:48:28'),
	(2641, 17, 7.33, '2022-05-25 22:48:34'),
	(2642, 16, 6.02, '2022-05-25 22:48:34'),
	(2643, 11, 7.33, '2022-05-25 22:48:41'),
	(2644, 10, 6.05, '2022-05-25 22:48:41'),
	(2645, 17, 7.33, '2022-05-25 22:48:47'),
	(2646, 16, 6.02, '2022-05-25 22:48:47'),
	(2647, 11, 7.33, '2022-05-25 22:48:54'),
	(2648, 10, 6.05, '2022-05-25 22:48:54'),
	(2649, 17, 7.29, '2022-05-25 22:49:00'),
	(2650, 16, 6.46, '2022-05-25 22:49:00'),
	(2651, 11, 7.33, '2022-05-25 22:49:06'),
	(2652, 10, 6.05, '2022-05-25 22:49:06'),
	(2653, 7, 0, '2022-05-25 22:49:07'),
	(2654, 12, 23.7, '2022-05-25 22:49:07'),
	(2655, 11, 6.89, '2022-05-25 22:49:41'),
	(2656, 10, 6.43, '2022-05-25 22:49:41'),
	(2657, 17, 6.92, '2022-05-25 22:49:47'),
	(2658, 16, 6.02, '2022-05-25 22:49:47'),
	(2659, 11, 6.89, '2022-05-25 22:49:54'),
	(2660, 10, 6.46, '2022-05-25 22:49:54'),
	(2661, 17, 7.33, '2022-05-25 22:50:00'),
	(2662, 16, 6.43, '2022-05-25 22:50:00'),
	(2663, 11, 6.92, '2022-05-25 22:50:07'),
	(2664, 10, 6.02, '2022-05-25 22:50:07'),
	(2665, 17, 6.89, '2022-05-25 22:50:13'),
	(2666, 16, 6.46, '2022-05-25 22:50:13'),
	(2667, 11, 6.92, '2022-05-25 22:50:20'),
	(2668, 10, 6.39, '2022-05-25 22:50:20'),
	(2669, 17, 6.92, '2022-05-25 22:50:26'),
	(2670, 16, 6.43, '2022-05-25 22:50:26'),
	(2671, 11, 6.92, '2022-05-25 22:50:33'),
	(2672, 10, 6.46, '2022-05-25 22:50:33'),
	(2673, 7, 0, '2022-05-25 22:50:33'),
	(2674, 12, 23.7, '2022-05-25 22:50:34'),
	(2675, 17, 6.92, '2022-05-25 22:50:40'),
	(2676, 16, 6.05, '2022-05-25 22:50:40'),
	(2677, 18, 1, '2022-05-25 22:50:40'),
	(2678, 13, 23.7, '2022-05-25 22:50:41'),
	(2679, 11, 6.92, '2022-05-25 22:50:47'),
	(2680, 10, 6.02, '2022-05-25 22:50:47'),
	(2681, 17, 6.89, '2022-05-25 22:50:53'),
	(2682, 16, 6.46, '2022-05-25 22:50:53'),
	(2683, 11, 6.92, '2022-05-25 22:51:00'),
	(2684, 10, 6.46, '2022-05-25 22:51:00'),
	(2685, 17, 6.92, '2022-05-25 22:51:06'),
	(2686, 16, 6.46, '2022-05-25 22:51:06'),
	(2687, 11, 6.92, '2022-05-25 22:51:13'),
	(2688, 10, 6.46, '2022-05-25 22:51:13'),
	(2689, 17, 7.29, '2022-05-25 22:51:19'),
	(2690, 16, 6.02, '2022-05-25 22:51:19'),
	(2691, 11, 7.33, '2022-05-25 22:51:25'),
	(2692, 10, 5.81, '2022-05-25 22:51:25'),
	(2693, 17, 7.33, '2022-05-25 22:51:32'),
	(2694, 16, 5.81, '2022-05-25 22:51:32'),
	(2695, 11, 7.33, '2022-05-25 22:51:41'),
	(2696, 10, 5.81, '2022-05-25 22:51:41'),
	(2697, 7, 1, '2022-05-25 22:51:42'),
	(2698, 12, 23.7, '2022-05-25 22:51:42'),
	(2699, 17, 7.33, '2022-05-25 22:51:48'),
	(2700, 16, 5.81, '2022-05-25 22:51:48'),
	(2701, 18, 1, '2022-05-25 22:51:48'),
	(2702, 13, 23.6, '2022-05-25 22:51:49'),
	(2703, 11, 7.33, '2022-05-25 22:51:55'),
	(2704, 10, 5.78, '2022-05-25 22:51:55'),
	(2705, 17, 7.33, '2022-05-25 22:52:01'),
	(2706, 16, 5.81, '2022-05-25 22:52:01'),
	(2707, 11, 7.33, '2022-05-25 22:52:08'),
	(2708, 10, 5.81, '2022-05-25 22:52:08'),
	(2709, 17, 7.29, '2022-05-25 22:52:14'),
	(2710, 16, 5.81, '2022-05-25 22:52:14'),
	(2711, 11, 7.33, '2022-05-25 22:52:21'),
	(2712, 10, 5.81, '2022-05-25 22:52:21'),
	(2713, 17, 7.33, '2022-05-25 22:52:27'),
	(2714, 16, 5.81, '2022-05-25 22:52:27'),
	(2715, 11, 7.29, '2022-05-25 22:52:34'),
	(2716, 10, 5.85, '2022-05-25 22:52:34'),
	(2717, 17, 7.33, '2022-05-25 22:52:40'),
	(2718, 16, 5.85, '2022-05-25 22:52:40'),
	(2719, 11, 7.29, '2022-05-25 22:52:46'),
	(2720, 10, 5.85, '2022-05-25 22:52:46'),
	(2721, 7, 1, '2022-05-25 22:52:47'),
	(2722, 12, 23.7, '2022-05-25 22:52:47'),
	(2723, 17, 7.33, '2022-05-25 22:52:53'),
	(2724, 16, 5.85, '2022-05-25 22:52:53'),
	(2725, 18, 1, '2022-05-25 22:52:53'),
	(2726, 13, 23.7, '2022-05-25 22:52:53'),
	(2727, 11, 7.33, '2022-05-25 22:52:59'),
	(2728, 10, 5.81, '2022-05-25 22:52:59'),
	(2729, 17, 7.33, '2022-05-25 22:53:06'),
	(2730, 16, 5.85, '2022-05-25 22:53:06'),
	(2731, 11, 7.33, '2022-05-25 22:53:12'),
	(2732, 10, 5.81, '2022-05-25 22:53:12'),
	(2733, 17, 7.29, '2022-05-25 22:53:19'),
	(2734, 16, 5.81, '2022-05-25 22:53:19'),
	(2735, 11, 7.33, '2022-05-25 22:53:25'),
	(2736, 10, 5.81, '2022-05-25 22:53:25'),
	(2737, 17, 7.33, '2022-05-25 22:53:32'),
	(2738, 16, 5.81, '2022-05-25 22:53:32'),
	(2739, 11, 7.33, '2022-05-25 22:53:38'),
	(2740, 10, 5.81, '2022-05-25 22:53:38'),
	(2741, 17, 7.33, '2022-05-25 22:53:45'),
	(2742, 16, 5.81, '2022-05-25 22:53:45'),
	(2743, 11, 7.33, '2022-05-25 22:53:51'),
	(2744, 10, 5.81, '2022-05-25 22:53:51'),
	(2745, 7, 1, '2022-05-25 22:53:52'),
	(2746, 12, 23.7, '2022-05-25 22:53:52'),
	(2747, 17, 7.33, '2022-05-25 22:53:58'),
	(2748, 16, 5.81, '2022-05-25 22:53:58'),
	(2749, 18, 1, '2022-05-25 22:53:59'),
	(2750, 13, 23.7, '2022-05-25 22:53:59'),
	(2751, 11, 7.33, '2022-05-25 22:54:05'),
	(2752, 10, 5.81, '2022-05-25 22:54:05'),
	(2753, 17, 7.29, '2022-05-25 22:54:11'),
	(2754, 16, 5.81, '2022-05-25 22:54:11'),
	(2755, 11, 7.33, '2022-05-25 22:54:18'),
	(2756, 10, 5.81, '2022-05-25 22:54:18'),
	(2757, 17, 7.29, '2022-05-25 22:54:25'),
	(2758, 16, 5.81, '2022-05-25 22:54:25'),
	(2759, 11, 7.33, '2022-05-25 22:54:34'),
	(2760, 10, 5.81, '2022-05-25 22:54:34'),
	(2761, 17, 7.33, '2022-05-25 22:54:40'),
	(2762, 16, 5.81, '2022-05-25 22:54:40'),
	(2763, 11, 7.33, '2022-05-25 22:54:47'),
	(2764, 10, 5.88, '2022-05-25 22:54:47'),
	(2765, 17, 7.33, '2022-05-25 22:54:53'),
	(2766, 16, 5.88, '2022-05-25 22:54:53'),
	(2767, 11, 7.33, '2022-05-25 22:55:00'),
	(2768, 10, 5.88, '2022-05-25 22:55:00'),
	(2769, 7, 1, '2022-05-25 22:55:00'),
	(2770, 12, 23.7, '2022-05-25 22:55:01'),
	(2771, 17, 7.33, '2022-05-25 22:55:07'),
	(2772, 16, 5.88, '2022-05-25 22:55:07'),
	(2773, 18, 1, '2022-05-25 22:55:07'),
	(2774, 13, 23.7, '2022-05-25 22:55:08'),
	(2775, 11, 7.33, '2022-05-25 22:55:14'),
	(2776, 10, 5.88, '2022-05-25 22:55:14'),
	(2777, 17, 7.33, '2022-05-25 22:55:20'),
	(2778, 16, 5.88, '2022-05-25 22:55:20'),
	(2779, 11, 7.29, '2022-05-25 22:55:27'),
	(2780, 10, 5.86, '2022-05-25 22:55:27'),
	(2781, 17, 7.33, '2022-05-25 22:55:33'),
	(2782, 16, 5.47, '2022-05-25 22:55:33'),
	(2783, 11, 7.29, '2022-05-25 22:55:40'),
	(2784, 10, 5.46, '2022-05-25 22:55:40'),
	(2785, 17, 7.29, '2022-05-25 22:55:46'),
	(2786, 16, 5.47, '2022-05-25 22:55:46'),
	(2787, 11, 7.33, '2022-05-25 22:55:52'),
	(2788, 10, 5.47, '2022-05-25 22:55:52'),
	(2789, 17, 7.33, '2022-05-25 22:56:00'),
	(2790, 16, 5.47, '2022-05-25 22:56:00'),
	(2791, 11, 7.33, '2022-05-25 22:56:06'),
	(2792, 10, 5.46, '2022-05-25 22:56:06'),
	(2793, 7, 1, '2022-05-25 22:56:07'),
	(2794, 12, 23.7, '2022-05-25 22:56:07'),
	(2795, 17, 7.33, '2022-05-25 22:56:13'),
	(2796, 16, 5.47, '2022-05-25 22:56:13'),
	(2797, 18, 1, '2022-05-25 22:56:16'),
	(2798, 13, 23.7, '2022-05-25 22:56:16'),
	(2799, 11, 7.33, '2022-05-25 22:56:22'),
	(2800, 10, 5.47, '2022-05-25 22:56:22'),
	(2801, 17, 6.89, '2022-05-25 22:56:29'),
	(2802, 16, 5.46, '2022-05-25 22:56:29'),
	(2803, 11, 7.29, '2022-05-25 22:56:35'),
	(2804, 10, 5.47, '2022-05-25 22:56:35'),
	(2805, 17, 7.33, '2022-05-25 22:56:42'),
	(2806, 16, 5.47, '2022-05-25 22:56:42'),
	(2807, 11, 7.29, '2022-05-25 22:56:48'),
	(2808, 10, 5.47, '2022-05-25 22:56:48'),
	(2809, 17, 7.33, '2022-05-25 22:56:55'),
	(2810, 16, 5.47, '2022-05-25 22:56:55'),
	(2811, 11, 7.75, '2022-05-25 22:57:01'),
	(2812, 10, 5.46, '2022-05-25 22:57:01'),
	(2813, 17, 7.75, '2022-05-25 22:57:07'),
	(2814, 16, 5.46, '2022-05-25 22:57:07'),
	(2815, 11, 7.74, '2022-05-25 22:57:13'),
	(2816, 10, 5.47, '2022-05-25 22:57:13'),
	(2817, 7, 1, '2022-05-25 22:57:14'),
	(2818, 12, 23.7, '2022-05-25 22:57:15'),
	(2819, 17, 7.75, '2022-05-25 22:57:21'),
	(2820, 16, 5.46, '2022-05-25 22:57:21'),
	(2821, 18, 1, '2022-05-25 22:57:21'),
	(2822, 13, 23.7, '2022-05-25 22:57:22'),
	(2823, 11, 7.33, '2022-05-25 22:57:28'),
	(2824, 10, 5.95, '2022-05-25 22:57:28'),
	(2825, 17, 7.74, '2022-05-25 22:57:34'),
	(2826, 16, 5.92, '2022-05-25 22:57:34'),
	(2827, 11, 7.74, '2022-05-25 22:57:43'),
	(2828, 10, 5.92, '2022-05-25 22:57:43'),
	(2829, 17, 7.75, '2022-05-25 22:57:49'),
	(2830, 16, 5.51, '2022-05-25 22:57:49'),
	(2831, 11, 7.74, '2022-05-25 22:57:56'),
	(2832, 10, 5.51, '2022-05-25 22:57:56'),
	(2833, 17, 7.74, '2022-05-25 22:58:03'),
	(2834, 16, 5.92, '2022-05-25 22:58:03'),
	(2835, 11, 7.74, '2022-05-25 22:58:09'),
	(2836, 10, 5.95, '2022-05-25 22:58:09'),
	(2837, 17, 7.74, '2022-05-25 22:58:16'),
	(2838, 16, 5.92, '2022-05-25 22:58:16'),
	(2839, 11, 7.33, '2022-05-25 22:58:22'),
	(2840, 10, 5.92, '2022-05-25 22:58:22'),
	(2841, 7, 1, '2022-05-25 22:58:23'),
	(2842, 12, 23.7, '2022-05-25 22:58:23'),
	(2843, 17, 7.74, '2022-05-25 22:58:29'),
	(2844, 16, 5.92, '2022-05-25 22:58:29'),
	(2845, 18, 1, '2022-05-25 22:58:29'),
	(2846, 13, 23.7, '2022-05-25 22:58:29'),
	(2847, 11, 7.29, '2022-05-25 22:58:35'),
	(2848, 10, 5.92, '2022-05-25 22:58:35'),
	(2849, 17, 7.74, '2022-05-25 22:58:41'),
	(2850, 16, 5.92, '2022-05-25 22:58:41'),
	(2851, 11, 7.74, '2022-05-25 22:58:48'),
	(2852, 10, 5.92, '2022-05-25 22:58:48'),
	(2853, 17, 7.75, '2022-05-25 22:58:55'),
	(2854, 16, 5.95, '2022-05-25 22:58:55'),
	(2855, 11, 7.33, '2022-05-25 22:59:01'),
	(2856, 10, 5.92, '2022-05-25 22:59:01'),
	(2857, 17, 7.33, '2022-05-25 22:59:07'),
	(2858, 16, 5.51, '2022-05-25 22:59:07'),
	(2859, 11, 7.33, '2022-05-25 22:59:14'),
	(2860, 10, 5.95, '2022-05-25 22:59:14'),
	(2861, 17, 7.33, '2022-05-25 22:59:20'),
	(2862, 16, 5.95, '2022-05-25 22:59:20'),
	(2863, 11, 7.33, '2022-05-25 22:59:26'),
	(2864, 10, 5.92, '2022-05-25 22:59:26'),
	(2865, 7, 1, '2022-05-25 22:59:27'),
	(2866, 12, 23.7, '2022-05-25 22:59:27'),
	(2867, 17, 7.33, '2022-05-25 22:59:33'),
	(2868, 16, 5.92, '2022-05-25 22:59:33'),
	(2869, 18, 1, '2022-05-25 22:59:34'),
	(2870, 13, 23.7, '2022-05-25 22:59:34'),
	(2871, 11, 7.33, '2022-05-25 22:59:40'),
	(2872, 10, 5.92, '2022-05-25 22:59:40'),
	(2873, 17, 7.33, '2022-05-25 22:59:47'),
	(2874, 16, 5.95, '2022-05-25 22:59:47'),
	(2875, 11, 7.33, '2022-05-25 22:59:54'),
	(2876, 10, 5.92, '2022-05-25 22:59:54'),
	(2877, 17, 7.33, '2022-05-25 23:00:00'),
	(2878, 16, 5.92, '2022-05-25 23:00:00'),
	(2879, 11, 7.33, '2022-05-25 23:00:07'),
	(2880, 10, 5.92, '2022-05-25 23:00:07'),
	(2881, 17, 7.33, '2022-05-25 23:00:14'),
	(2882, 16, 5.92, '2022-05-25 23:00:14'),
	(2883, 11, 7.74, '2022-05-25 23:00:20'),
	(2884, 10, 5.92, '2022-05-25 23:00:20'),
	(2885, 17, 7.33, '2022-05-25 23:00:27'),
	(2886, 16, 5.92, '2022-05-25 23:00:27'),
	(2887, 11, 7.33, '2022-05-25 23:00:33'),
	(2888, 10, 5.92, '2022-05-25 23:00:33'),
	(2889, 7, 1, '2022-05-25 23:00:34'),
	(2890, 12, 23.7, '2022-05-25 23:00:34'),
	(2891, 17, 7.74, '2022-05-25 23:00:40'),
	(2892, 16, 5.92, '2022-05-25 23:00:40'),
	(2893, 18, 1, '2022-05-25 23:00:41'),
	(2894, 13, 23.7, '2022-05-25 23:00:41'),
	(2895, 11, 7.33, '2022-05-25 23:00:47'),
	(2896, 10, 5.92, '2022-05-25 23:00:47'),
	(2897, 17, 7.33, '2022-05-25 23:00:53'),
	(2898, 16, 5.51, '2022-05-25 23:00:53'),
	(2899, 11, 7.33, '2022-05-25 23:00:59'),
	(2900, 10, 5.95, '2022-05-25 23:00:59'),
	(2901, 17, 7.34, '2022-05-25 23:01:07'),
	(2902, 16, 5.95, '2022-05-25 23:01:07'),
	(2903, 11, 7.33, '2022-05-25 23:01:13'),
	(2904, 10, 5.92, '2022-05-25 23:01:13'),
	(2905, 17, 7.33, '2022-05-25 23:01:20'),
	(2906, 16, 5.54, '2022-05-25 23:01:20'),
	(2907, 11, 7.33, '2022-05-25 23:01:26'),
	(2908, 10, 5.92, '2022-05-25 23:01:26'),
	(2909, 17, 7.33, '2022-05-25 23:01:32'),
	(2910, 16, 5.92, '2022-05-25 23:01:32'),
	(2911, 11, 7.33, '2022-05-25 23:01:38'),
	(2912, 10, 5.92, '2022-05-25 23:01:38'),
	(2913, 7, 1, '2022-05-25 23:01:39'),
	(2914, 12, 23.7, '2022-05-25 23:01:39'),
	(2915, 17, 7.33, '2022-05-25 23:01:45'),
	(2916, 16, 5.92, '2022-05-25 23:01:45'),
	(2917, 18, 1, '2022-05-25 23:01:45'),
	(2918, 13, 23.7, '2022-05-25 23:01:45'),
	(2919, 11, 7.33, '2022-05-25 23:01:51'),
	(2920, 10, 5.92, '2022-05-25 23:01:51'),
	(2921, 17, 7.33, '2022-05-25 23:01:58'),
	(2922, 16, 5.92, '2022-05-25 23:01:58'),
	(2923, 11, 7.33, '2022-05-25 23:02:04'),
	(2924, 10, 5.92, '2022-05-25 23:02:04'),
	(2925, 17, 7.33, '2022-05-25 23:02:11'),
	(2926, 16, 5.51, '2022-05-25 23:02:11'),
	(2927, 11, 7.29, '2022-05-25 23:02:17'),
	(2928, 10, 5.92, '2022-05-25 23:02:17'),
	(2929, 17, 7.33, '2022-05-25 23:02:24'),
	(2930, 16, 5.51, '2022-05-25 23:02:24'),
	(2931, 11, 7.33, '2022-05-25 23:02:30'),
	(2932, 10, 5.95, '2022-05-25 23:02:30'),
	(2933, 17, 7.33, '2022-05-25 23:02:37'),
	(2934, 16, 5.92, '2022-05-25 23:02:37'),
	(2935, 11, 7.33, '2022-05-25 23:02:44'),
	(2936, 10, 5.92, '2022-05-25 23:02:44'),
	(2937, 7, 1, '2022-05-25 23:02:44'),
	(2938, 12, 23.7, '2022-05-25 23:02:45'),
	(2939, 17, 7.33, '2022-05-25 23:02:51'),
	(2940, 16, 5.92, '2022-05-25 23:02:51'),
	(2941, 18, 1, '2022-05-25 23:02:51'),
	(2942, 13, 23.6, '2022-05-25 23:02:51'),
	(2943, 11, 7.33, '2022-05-25 23:02:57'),
	(2944, 10, 5.95, '2022-05-25 23:02:57'),
	(2945, 17, 7.33, '2022-05-25 23:03:03'),
	(2946, 16, 5.51, '2022-05-25 23:03:03'),
	(2947, 11, 7.33, '2022-05-25 23:03:10'),
	(2948, 10, 5.51, '2022-05-25 23:03:10'),
	(2949, 17, 7.33, '2022-05-25 23:03:16'),
	(2950, 16, 5.51, '2022-05-25 23:03:16'),
	(2951, 11, 7.33, '2022-05-25 23:03:23'),
	(2952, 10, 5.92, '2022-05-25 23:03:23'),
	(2953, 17, 7.33, '2022-05-25 23:03:29'),
	(2954, 16, 5.95, '2022-05-25 23:03:29'),
	(2955, 11, 7.33, '2022-05-25 23:03:36'),
	(2956, 10, 5.92, '2022-05-25 23:03:36'),
	(2957, 17, 7.33, '2022-05-25 23:03:42'),
	(2958, 16, 5.92, '2022-05-25 23:03:42'),
	(2959, 11, 7.29, '2022-05-25 23:03:49'),
	(2960, 10, 5.92, '2022-05-25 23:03:49'),
	(2961, 7, 1, '2022-05-25 23:03:49'),
	(2962, 12, 23.6, '2022-05-25 23:03:50'),
	(2963, 17, 7.33, '2022-05-25 23:03:56'),
	(2964, 16, 5.92, '2022-05-25 23:03:56'),
	(2965, 18, 1, '2022-05-25 23:03:56'),
	(2966, 13, 23.6, '2022-05-25 23:03:56'),
	(2967, 11, 7.33, '2022-05-25 23:04:03'),
	(2968, 10, 5.92, '2022-05-25 23:04:03'),
	(2969, 17, 7.33, '2022-05-25 23:04:09'),
	(2970, 16, 5.51, '2022-05-25 23:04:09'),
	(2971, 11, 7.33, '2022-05-25 23:04:16'),
	(2972, 10, 5.95, '2022-05-25 23:04:16'),
	(2973, 17, 7.33, '2022-05-25 23:04:22'),
	(2974, 16, 5.51, '2022-05-25 23:04:22'),
	(2975, 11, 7.33, '2022-05-25 23:04:28'),
	(2976, 10, 5.92, '2022-05-25 23:04:28'),
	(2977, 17, 7.33, '2022-05-25 23:04:34'),
	(2978, 16, 5.92, '2022-05-25 23:04:34'),
	(2979, 11, 7.29, '2022-05-25 23:04:41'),
	(2980, 10, 5.92, '2022-05-25 23:04:41'),
	(2981, 17, 7.33, '2022-05-25 23:04:47'),
	(2982, 16, 5.51, '2022-05-25 23:04:47'),
	(2983, 11, 7.29, '2022-05-25 23:04:53'),
	(2984, 10, 5.92, '2022-05-25 23:04:53'),
	(2985, 7, 1, '2022-05-25 23:04:54'),
	(2986, 12, 23.6, '2022-05-25 23:04:54'),
	(2987, 17, 7.33, '2022-05-25 23:05:00'),
	(2988, 16, 5.92, '2022-05-25 23:05:00'),
	(2989, 18, 1, '2022-05-25 23:05:01'),
	(2990, 13, 23.6, '2022-05-25 23:05:01'),
	(2991, 11, 7.33, '2022-05-25 23:05:07'),
	(2992, 10, 5.51, '2022-05-25 23:05:07'),
	(2993, 17, 7.33, '2022-05-25 23:05:14'),
	(2994, 16, 5.95, '2022-05-25 23:05:14'),
	(2995, 11, 7.33, '2022-05-25 23:05:20'),
	(2996, 10, 5.92, '2022-05-25 23:05:20'),
	(2997, 17, 7.33, '2022-05-25 23:05:26'),
	(2998, 16, 5.92, '2022-05-25 23:05:26'),
	(2999, 11, 7.33, '2022-05-25 23:05:33'),
	(3000, 10, 5.92, '2022-05-25 23:05:33'),
	(3001, 17, 7.29, '2022-05-25 23:05:39'),
	(3002, 16, 5.95, '2022-05-25 23:05:39'),
	(3003, 11, 7.33, '2022-05-25 23:05:46'),
	(3004, 10, 5.95, '2022-05-25 23:05:46'),
	(3005, 17, 7.33, '2022-05-25 23:05:52'),
	(3006, 16, 5.92, '2022-05-25 23:05:52'),
	(3007, 11, 7.33, '2022-05-25 23:05:59'),
	(3008, 10, 5.92, '2022-05-25 23:05:59'),
	(3009, 7, 1, '2022-05-25 23:05:59'),
	(3010, 12, 23.6, '2022-05-25 23:06:00'),
	(3011, 17, 7.33, '2022-05-25 23:06:06'),
	(3012, 16, 5.92, '2022-05-25 23:06:06'),
	(3013, 18, 1, '2022-05-25 23:06:06'),
	(3014, 13, 23.6, '2022-05-25 23:06:07'),
	(3015, 11, 7.33, '2022-05-25 23:06:12'),
	(3016, 10, 5.92, '2022-05-25 23:06:12'),
	(3017, 17, 7.33, '2022-05-25 23:06:19'),
	(3018, 16, 5.51, '2022-05-25 23:06:19'),
	(3019, 11, 7.33, '2022-05-25 23:06:25'),
	(3020, 10, 5.51, '2022-05-25 23:06:25'),
	(3021, 17, 7.33, '2022-05-25 23:06:31'),
	(3022, 16, 5.92, '2022-05-25 23:06:31'),
	(3023, 11, 7.33, '2022-05-25 23:06:37'),
	(3024, 10, 5.92, '2022-05-25 23:06:37'),
	(3025, 17, 7.33, '2022-05-25 23:06:44'),
	(3026, 16, 5.93, '2022-05-25 23:06:44'),
	(3027, 11, 7.33, '2022-05-25 23:06:50'),
	(3028, 10, 5.95, '2022-05-25 23:06:50'),
	(3029, 17, 7.33, '2022-05-25 23:06:57'),
	(3030, 16, 5.51, '2022-05-25 23:06:57'),
	(3031, 11, 7.33, '2022-05-25 23:07:03'),
	(3032, 10, 5.92, '2022-05-25 23:07:03'),
	(3033, 7, 1, '2022-05-25 23:07:04'),
	(3034, 12, 23.5, '2022-05-25 23:07:04'),
	(3035, 17, 7.33, '2022-05-25 23:07:10'),
	(3036, 16, 5.92, '2022-05-25 23:07:10'),
	(3037, 18, 1, '2022-05-25 23:07:10'),
	(3038, 13, 23.5, '2022-05-25 23:07:11'),
	(3039, 11, 7.33, '2022-05-25 23:07:17'),
	(3040, 10, 5.92, '2022-05-25 23:07:17'),
	(3041, 17, 7.33, '2022-05-25 23:07:23'),
	(3042, 16, 5.92, '2022-05-25 23:07:23'),
	(3043, 11, 7.75, '2022-05-25 23:07:29'),
	(3044, 10, 5.93, '2022-05-25 23:07:29'),
	(3045, 17, 7.33, '2022-05-25 23:07:35'),
	(3046, 16, 5.92, '2022-05-25 23:07:35'),
	(3047, 11, 7.33, '2022-05-25 23:07:41'),
	(3048, 10, 5.95, '2022-05-25 23:07:41'),
	(3049, 17, 7.33, '2022-05-25 23:07:48'),
	(3050, 16, 5.51, '2022-05-25 23:07:48'),
	(3051, 11, 7.33, '2022-05-25 23:07:54'),
	(3052, 10, 5.51, '2022-05-25 23:07:54'),
	(3053, 17, 7.33, '2022-05-25 23:08:01'),
	(3054, 16, 5.92, '2022-05-25 23:08:01'),
	(3055, 11, 7.33, '2022-05-25 23:08:07'),
	(3056, 10, 5.92, '2022-05-25 23:08:07'),
	(3057, 7, 1, '2022-05-25 23:08:08'),
	(3058, 12, 23.6, '2022-05-25 23:08:08'),
	(3059, 17, 7.33, '2022-05-25 23:08:15'),
	(3060, 16, 5.51, '2022-05-25 23:08:15'),
	(3061, 18, 1, '2022-05-25 23:08:15'),
	(3062, 13, 23.5, '2022-05-25 23:08:16'),
	(3063, 11, 7.34, '2022-05-25 23:08:21'),
	(3064, 10, 5.95, '2022-05-25 23:08:21'),
	(3065, 17, 7.33, '2022-05-25 23:08:33'),
	(3066, 16, 5.92, '2022-05-25 23:08:33'),
	(3067, 11, 7.74, '2022-05-25 23:08:39'),
	(3068, 10, 5.51, '2022-05-25 23:08:39'),
	(3069, 17, 7.34, '2022-05-25 23:08:45'),
	(3070, 16, 5.92, '2022-05-25 23:08:45'),
	(3071, 11, 7.74, '2022-05-25 23:08:52'),
	(3072, 10, 5.92, '2022-05-25 23:08:52'),
	(3073, 17, 7.33, '2022-05-25 23:08:58'),
	(3074, 16, 5.92, '2022-05-25 23:08:58'),
	(3075, 11, 7.33, '2022-05-25 23:09:04'),
	(3076, 10, 5.92, '2022-05-25 23:09:04'),
	(3077, 17, 7.74, '2022-05-25 23:09:10'),
	(3078, 16, 5.92, '2022-05-25 23:09:10'),
	(3079, 11, 7.74, '2022-05-25 23:09:17'),
	(3080, 10, 5.92, '2022-05-25 23:09:17'),
	(3081, 7, 1, '2022-05-25 23:09:18'),
	(3082, 12, 23.5, '2022-05-25 23:09:18'),
	(3083, 23, 41.02, '2022-05-26 15:41:36'),
	(3084, 22, 25.42, '2022-05-26 15:41:36'),
	(3085, 19, 924, '2022-05-26 15:41:36'),
	(3086, 24, 24.7, '2022-05-26 15:41:37'),
	(3087, 1, 11.76, '2022-05-26 15:41:46'),
	(3088, 2, 24.62, '2022-05-26 15:41:46'),
	(3089, 6, 897, '2022-05-26 15:41:47'),
	(3090, 5, 25.3, '2022-05-26 15:41:47'),
	(3091, 23, 12.63, '2022-05-26 15:41:53'),
	(3092, 22, 23.73, '2022-05-26 15:41:53'),
	(3093, 1, 11.75, '2022-05-26 15:42:00'),
	(3094, 2, 22.41, '2022-05-26 15:42:00'),
	(3095, 23, 11.34, '2022-05-26 15:42:06'),
	(3096, 22, 23.26, '2022-05-26 15:42:06'),
	(3097, 1, 7.58, '2022-05-26 15:42:12'),
	(3098, 2, 22.88, '2022-05-26 15:42:12'),
	(3099, 23, 7.65, '2022-05-26 15:42:19'),
	(3100, 22, 23.29, '2022-05-26 15:42:19'),
	(3101, 1, 7.17, '2022-05-26 15:42:25'),
	(3102, 2, 24.97, '2022-05-26 15:42:25'),
	(3103, 23, 7.19, '2022-05-26 15:42:31'),
	(3104, 22, 24.97, '2022-05-26 15:42:31'),
	(3105, 1, 7.58, '2022-05-26 15:42:40'),
	(3106, 2, 23.73, '2022-05-26 15:42:40'),
	(3107, 23, 7.17, '2022-05-26 15:42:47'),
	(3108, 22, 25.02, '2022-05-26 15:42:47'),
	(3109, 19, 919, '2022-05-26 15:42:48'),
	(3110, 24, 25.3, '2022-05-26 15:42:48'),
	(3111, 1, 7.19, '2022-05-26 15:42:54'),
	(3112, 2, 23.73, '2022-05-26 15:42:54'),
	(3113, 6, 932, '2022-05-26 15:42:55'),
	(3114, 5, 25.7, '2022-05-26 15:42:55'),
	(3115, 23, 7.6, '2022-05-26 15:43:02'),
	(3116, 22, 23.73, '2022-05-26 15:43:02'),
	(3117, 1, 7.17, '2022-05-26 15:43:08'),
	(3118, 2, 24.58, '2022-05-26 15:43:08'),
	(3119, 23, 7.58, '2022-05-26 15:43:15'),
	(3120, 22, 24.58, '2022-05-26 15:43:15'),
	(3121, 1, 7.6, '2022-05-26 15:43:21'),
	(3122, 2, 23.73, '2022-05-26 15:43:21'),
	(3123, 23, 7.58, '2022-05-26 15:43:28'),
	(3124, 22, 21.52, '2022-05-26 15:43:28'),
	(3125, 1, 7.6, '2022-05-26 15:43:34'),
	(3126, 2, 550.83, '2022-05-26 15:43:34'),
	(3127, 23, 7.65, '2022-05-26 15:43:41'),
	(3128, 22, 23.29, '2022-05-26 15:43:41'),
	(3129, 1, 2287.66, '2022-05-26 16:12:09'),
	(3130, 2, 4.34, '2022-05-26 16:12:09'),
	(3131, 3, 2292.66, '2022-05-26 16:12:09'),
	(3132, 4, 9.34, '2022-05-26 16:12:09'),
	(3133, 23, 15.32, '2022-05-26 16:12:16'),
	(3134, 22, 4.34, '2022-05-26 16:12:16'),
	(3135, 21, 20.32, '2022-05-26 16:12:16'),
	(3136, 20, 9.34, '2022-05-26 16:12:16'),
	(3137, 1, 9.38, '2022-05-26 16:12:26'),
	(3138, 2, 4.34, '2022-05-26 16:12:26'),
	(3139, 3, 14.38, '2022-05-26 16:12:26'),
	(3140, 4, 9.34, '2022-05-26 16:12:26'),
	(3141, 23, 15.28, '2022-05-26 16:12:32'),
	(3142, 22, 4.35, '2022-05-26 16:12:33'),
	(3143, 21, 20.28, '2022-05-26 16:12:33'),
	(3144, 20, 9.35, '2022-05-26 16:12:33'),
	(3145, 1, 1690.51, '2022-05-26 16:12:39'),
	(3146, 2, 4.34, '2022-05-26 16:12:39'),
	(3147, 3, 1695.51, '2022-05-26 16:12:39'),
	(3148, 4, 9.34, '2022-05-26 16:12:39'),
	(3149, 6, 915, '2022-05-26 16:12:40'),
	(3150, 5, 26.1, '2022-05-26 16:12:40'),
	(3151, 23, 8.31, '2022-05-26 16:12:47'),
	(3152, 22, 4.34, '2022-05-26 16:12:47'),
	(3153, 21, 13.31, '2022-05-26 16:12:47'),
	(3154, 20, 9.34, '2022-05-26 16:12:47'),
	(3155, 19, 928, '2022-05-26 16:12:47'),
	(3156, 24, 26.4, '2022-05-26 16:12:48'),
	(3157, 1, 18.34, '2022-05-26 16:12:54'),
	(3158, 2, 4.34, '2022-05-26 16:12:54'),
	(3159, 3, 23.34, '2022-05-26 16:12:54'),
	(3160, 4, 9.34, '2022-05-26 16:12:54'),
	(3161, 23, 2287.54, '2022-05-26 16:13:01'),
	(3162, 22, 4.34, '2022-05-26 16:13:01'),
	(3163, 21, 2292.54, '2022-05-26 16:13:01'),
	(3164, 20, 9.34, '2022-05-26 16:13:01'),
	(3165, 1, 2300.61, '2022-05-26 16:13:08'),
	(3166, 2, 4.35, '2022-05-26 16:13:08'),
	(3167, 3, 2305.61, '2022-05-26 16:13:08'),
	(3168, 4, 9.35, '2022-05-26 16:13:08'),
	(3169, 23, 2302.48, '2022-05-26 16:13:14'),
	(3170, 22, 3.88, '2022-05-26 16:13:14'),
	(3171, 21, 2307.48, '2022-05-26 16:13:14'),
	(3172, 20, 8.88, '2022-05-26 16:13:14'),
	(3173, 1, 2301.97, '2022-05-26 16:13:21'),
	(3174, 2, 3.91, '2022-05-26 16:13:21'),
	(3175, 3, 2306.97, '2022-05-26 16:13:21'),
	(3176, 4, 8.91, '2022-05-26 16:13:21'),
	(3177, 17, 112.13, '2022-05-26 16:14:52'),
	(3178, 16, 6.56, '2022-05-26 16:14:52'),
	(3179, 11, 112.54, '2022-05-26 16:14:58'),
	(3180, 10, 6.56, '2022-05-26 16:14:58'),
	(3181, 17, 112.98, '2022-05-26 16:15:39'),
	(3182, 16, 6.53, '2022-05-26 16:15:39'),
	(3183, 15, 117.98, '2022-05-26 16:15:39'),
	(3184, 14, 11.53, '2022-05-26 16:15:39'),
	(3185, 11, 111.26, '2022-05-26 16:15:45'),
	(3186, 10, 2317.35, '2022-05-26 16:15:45'),
	(3187, 9, 116.26, '2022-05-26 16:15:45'),
	(3188, 8, 2322.35, '2022-05-26 16:15:45'),
	(3189, 17, 111.28, '2022-05-26 16:15:53'),
	(3190, 16, 2317.37, '2022-05-26 16:15:53'),
	(3191, 15, 116.28, '2022-05-26 16:15:53'),
	(3192, 14, 2322.37, '2022-05-26 16:15:53'),
	(3193, 11, 112.95, '2022-05-26 16:15:59'),
	(3194, 10, 2318.14, '2022-05-26 16:15:59'),
	(3195, 9, 117.95, '2022-05-26 16:15:59'),
	(3196, 8, 2323.14, '2022-05-26 16:15:59'),
	(3197, 17, 111.71, '2022-05-26 16:16:06'),
	(3198, 16, 2317.85, '2022-05-26 16:16:06'),
	(3199, 15, 116.71, '2022-05-26 16:16:06'),
	(3200, 14, 2322.85, '2022-05-26 16:16:06'),
	(3201, 11, 111.3, '2022-05-26 16:16:12'),
	(3202, 10, 2318.15, '2022-05-26 16:16:12'),
	(3203, 9, 116.3, '2022-05-26 16:16:12'),
	(3204, 8, 2323.15, '2022-05-26 16:16:12'),
	(3205, 17, 113.39, '2022-05-26 16:16:22'),
	(3206, 16, 2318.05, '2022-05-26 16:16:22'),
	(3207, 15, 118.39, '2022-05-26 16:16:22'),
	(3208, 14, 2323.05, '2022-05-26 16:16:22'),
	(3209, 11, 112.13, '2022-05-26 16:16:29'),
	(3210, 10, 2317.97, '2022-05-26 16:16:29'),
	(3211, 9, 117.13, '2022-05-26 16:16:29'),
	(3212, 8, 2322.97, '2022-05-26 16:16:29'),
	(3213, 7, 51, '2022-05-26 16:16:29'),
	(3214, 12, 25.6, '2022-05-26 16:16:30'),
	(3215, 17, 112.96, '2022-05-26 16:16:36'),
	(3216, 16, 2318.41, '2022-05-26 16:16:36'),
	(3217, 15, 117.96, '2022-05-26 16:16:36'),
	(3218, 14, 2323.41, '2022-05-26 16:16:36'),
	(3219, 18, 684, '2022-05-26 16:16:37'),
	(3220, 13, 25.8, '2022-05-26 16:16:37'),
	(3221, 11, 112.13, '2022-05-26 16:16:43'),
	(3222, 10, 2318.83, '2022-05-26 16:16:43'),
	(3223, 9, 117.13, '2022-05-26 16:16:43'),
	(3224, 8, 2323.83, '2022-05-26 16:16:43'),
	(3225, 11, 7.14, '2022-05-26 17:00:53'),
	(3226, 10, 220.44, '2022-05-26 17:00:53'),
	(3227, 9, 12.14, '2022-05-26 17:00:53'),
	(3228, 8, 225.44, '2022-05-26 17:00:53'),
	(3229, 17, 38.17, '2022-05-26 17:01:00'),
	(3230, 16, 295.87, '2022-05-26 17:01:00'),
	(3231, 15, 43.17, '2022-05-26 17:01:00'),
	(3232, 14, 300.87, '2022-05-26 17:01:00'),
	(3233, 11, 2470.83, '2022-05-26 17:01:07'),
	(3234, 10, 8.45, '2022-05-26 17:01:07'),
	(3235, 9, 2475.83, '2022-05-26 17:01:07'),
	(3236, 8, 13.45, '2022-05-26 17:01:07'),
	(3237, 17, 17.78, '2022-05-26 17:01:14'),
	(3238, 16, 7.53, '2022-05-26 17:01:14'),
	(3239, 15, 22.78, '2022-05-26 17:01:14'),
	(3240, 14, 12.53, '2022-05-26 17:01:14'),
	(3241, 11, 152.76, '2022-05-26 17:01:20'),
	(3242, 10, 1515.35, '2022-05-26 17:01:20'),
	(3243, 9, 157.76, '2022-05-26 17:01:20'),
	(3244, 8, 1520.35, '2022-05-26 17:01:20'),
	(3245, 17, 152.05, '2022-05-26 17:01:28'),
	(3246, 16, 208.56, '2022-05-26 17:01:28'),
	(3247, 15, 157.05, '2022-05-26 17:01:28'),
	(3248, 14, 213.56, '2022-05-26 17:01:28'),
	(3249, 18, 499, '2022-05-26 17:01:28'),
	(3250, 13, 26.3, '2022-05-26 17:01:29'),
	(3251, 11, 11.68, '2022-05-26 17:01:35'),
	(3252, 10, 2451.52, '2022-05-26 17:01:35'),
	(3253, 9, 16.68, '2022-05-26 17:01:35'),
	(3254, 8, 2456.52, '2022-05-26 17:01:35'),
	(3255, 7, 209, '2022-05-26 17:01:36'),
	(3256, 12, 26.3, '2022-05-26 17:01:36'),
	(3257, 17, 9.23, '2022-05-26 17:01:42'),
	(3258, 16, 2475.76, '2022-05-26 17:01:42'),
	(3259, 15, 14.23, '2022-05-26 17:01:42'),
	(3260, 14, 2480.76, '2022-05-26 17:01:42'),
	(3261, 11, 9.64, '2022-05-26 17:01:49'),
	(3262, 10, 2527.53, '2022-05-26 17:01:49'),
	(3263, 9, 14.64, '2022-05-26 17:01:49'),
	(3264, 8, 2532.53, '2022-05-26 17:01:49'),
	(3265, 17, 10.05, '2022-05-26 17:01:56'),
	(3266, 16, 2486.83, '2022-05-26 17:01:56'),
	(3267, 15, 15.05, '2022-05-26 17:01:56'),
	(3268, 14, 2491.83, '2022-05-26 17:01:56'),
	(3269, 11, 9.6, '2022-05-26 17:02:02'),
	(3270, 10, 260.64, '2022-05-26 17:02:02'),
	(3271, 9, 14.6, '2022-05-26 17:02:02'),
	(3272, 8, 265.64, '2022-05-26 17:02:02'),
	(3273, 17, 57.53, '2022-05-26 17:04:04'),
	(3274, 16, 2326.57, '2022-05-26 17:04:04'),
	(3275, 15, 62.53, '2022-05-26 17:04:04'),
	(3276, 14, 2331.57, '2022-05-26 17:04:04'),
	(3277, 11, 55.01, '2022-05-26 17:04:11'),
	(3278, 10, 2327.37, '2022-05-26 17:04:11'),
	(3279, 9, 60.01, '2022-05-26 17:04:11'),
	(3280, 8, 2332.37, '2022-05-26 17:04:11'),
	(3281, 17, 53.55, '2022-05-26 17:04:23'),
	(3282, 16, 2327.54, '2022-05-26 17:04:23'),
	(3283, 15, 58.55, '2022-05-26 17:04:23'),
	(3284, 14, 2332.54, '2022-05-26 17:04:23'),
	(3285, 11, 130.2, '2022-05-26 17:04:30'),
	(3286, 10, 2327.37, '2022-05-26 17:04:30'),
	(3287, 9, 135.2, '2022-05-26 17:04:30'),
	(3288, 8, 2332.37, '2022-05-26 17:04:30'),
	(3289, 17, 62.36, '2022-05-26 17:04:36'),
	(3290, 16, 2318.02, '2022-05-26 17:04:36'),
	(3291, 15, 67.36, '2022-05-26 17:04:36'),
	(3292, 14, 2323.02, '2022-05-26 17:04:36'),
	(3293, 11, 117.86, '2022-05-26 17:04:43'),
	(3294, 10, 1354.32, '2022-05-26 17:04:43'),
	(3295, 9, 122.86, '2022-05-26 17:04:43'),
	(3296, 8, 1359.32, '2022-05-26 17:04:43'),
	(3297, 17, 64.97, '2022-05-26 17:04:49'),
	(3298, 16, 1401.91, '2022-05-26 17:04:49'),
	(3299, 15, 69.97, '2022-05-26 17:04:49'),
	(3300, 14, 1406.91, '2022-05-26 17:04:49'),
	(3301, 11, 57.77, '2022-05-26 17:04:55'),
	(3302, 10, 800.82, '2022-05-26 17:04:55'),
	(3303, 9, 62.77, '2022-05-26 17:04:55'),
	(3304, 8, 805.82, '2022-05-26 17:04:55'),
	(3305, 7, 29, '2022-05-26 17:04:57'),
	(3306, 12, 26.3, '2022-05-26 17:04:57'),
	(3307, 17, 2294.9, '2022-05-26 17:05:03'),
	(3308, 16, 2328.49, '2022-05-26 17:05:03'),
	(3309, 15, 2299.9, '2022-05-26 17:05:03'),
	(3310, 14, 2333.49, '2022-05-26 17:05:03'),
	(3311, 18, 26, '2022-05-26 17:05:03'),
	(3312, 13, 26.3, '2022-05-26 17:05:04'),
	(3313, 11, 2295, '2022-05-26 17:05:10'),
	(3314, 10, 2328.3, '2022-05-26 17:05:10'),
	(3315, 9, 2300, '2022-05-26 17:05:10'),
	(3316, 8, 2333.3, '2022-05-26 17:05:10'),
	(3317, 17, 62.97, '2022-05-26 17:05:16'),
	(3318, 16, 2327.98, '2022-05-26 17:05:16'),
	(3319, 15, 67.97, '2022-05-26 17:05:16'),
	(3320, 14, 2332.98, '2022-05-26 17:05:16'),
	(3321, 11, 2295.29, '2022-05-26 17:05:23'),
	(3322, 10, 2328.8, '2022-05-26 17:05:23'),
	(3323, 9, 2300.29, '2022-05-26 17:05:23'),
	(3324, 8, 2333.8, '2022-05-26 17:05:23'),
	(3325, 17, 67.52, '2022-05-26 17:05:29'),
	(3326, 16, 2328.49, '2022-05-26 17:05:29'),
	(3327, 15, 72.52, '2022-05-26 17:05:29'),
	(3328, 14, 2333.49, '2022-05-26 17:05:29'),
	(3329, 11, 58.79, '2022-05-26 17:05:36'),
	(3330, 10, 2328.49, '2022-05-26 17:05:36'),
	(3331, 9, 63.79, '2022-05-26 17:05:36'),
	(3332, 8, 2333.49, '2022-05-26 17:05:36');
/*!40000 ALTER TABLE `HISTORIAL` ENABLE KEYS */;

-- Volcando estructura para tabla priPictureka.INFORMES
CREATE TABLE IF NOT EXISTS `INFORMES` (
  `id_informe` int(11) NOT NULL AUTO_INCREMENT,
  `titulo` varchar(100) NOT NULL,
  `cuerpo` varchar(255) NOT NULL,
  `destino` varchar(20) NOT NULL,
  `autor` varchar(10) NOT NULL,
  `fecha` timestamp NOT NULL DEFAULT current_timestamp(),
  PRIMARY KEY (`id_informe`)
) ENGINE=InnoDB AUTO_INCREMENT=22 DEFAULT CHARSET=utf8mb4;

-- Volcando datos para la tabla priPictureka.INFORMES: ~10 rows (aproximadamente)
/*!40000 ALTER TABLE `INFORMES` DISABLE KEYS */;
INSERT INTO `INFORMES` (`id_informe`, `titulo`, `cuerpo`, `destino`, `autor`, `fecha`) VALUES
	(1, 'Sensor de luz descontrolado', 'Se registraron ciertos cambios bruscos de luz que no fueron registrados por el sensor.\nAtentamente,\nJorge', '2250', 'Jorge', '2022-01-07 16:17:39'),
	(2, 'Problema del sensor de luz arreglado', 'Se ha arreglado correctamente el sensor de luz que estaba dando problemas.\nGracias', '3090', 'Jorge', '2022-01-08 16:56:23'),
	(3, 'Alta temperatura en la Sala 2', 'Se ha registrado un alta temperatura de 30ºC en la Sala 2. Por favor, solucionen esto cuánto antes.\nGracias por leer.', 'Todos', 'Paula', '2022-01-07 16:59:07'),
	(4, 'Riesgo de alta temperatura en la Sala 1', 'Se ha detectado una alta temperatura en la Sala 1, de Monet.\n\nPor favor que alguien lo revise.', '3090', 'Alvaro', '2022-02-17 16:59:25'),
	(5, 'Sala 1 Monet arreglado', 'Se ha arreglado el problema comentado sobre la Sala 1.\n', 'Todos', 'Rodrigo', '2022-03-17 16:59:55'),
	(6, 'Problema con el evento nº4', 'Se ha detectado un problema con la imagen del evento nº4.', 'Solo administradores', 'Paula', '2022-03-19 18:28:06'),
	(15, 'Sala 4, sensor de luz', 'El sensor de luz en la sala 4, se encuentra en mantenimiento.\n\nGracias.', '2250', 'Álvaro', '2022-03-28 22:04:42'),
	(16, 'Sensor de Tª descontrolado', 'El sensor de Tª se ha descontrolado en la sala 2, las medidas tomadas son incorrectas.\n\n', 'Solo administradores', 'Rodrigo', '2022-03-28 22:07:11'),
	(17, 'Las luces no apagan bien', 'Ayer por la tarde las luces no encendian bien', 'Todos', 'Jorge', '2022-03-31 16:48:29'),
	(18, 'Vino ya el tecnico por la luz', 'El tecnico, llegó ayer y arreglo el problema de las luces', 'Solo administradores', 'Rodrigo', '2022-03-31 16:58:51'),
	(21, 'Incidente en una sala', 'dfasf safasdf sadf', 'Solo administradores', 'Rodrigo', '2022-04-07 16:30:25');
/*!40000 ALTER TABLE `INFORMES` ENABLE KEYS */;

-- Volcando estructura para tabla priPictureka.MANEJA
CREATE TABLE IF NOT EXISTS `MANEJA` (
  `Usuario` varchar(10) NOT NULL,
  `id_informe` int(11) NOT NULL AUTO_INCREMENT,
  `Fecha` timestamp NOT NULL DEFAULT current_timestamp() ON UPDATE current_timestamp(),
  PRIMARY KEY (`Usuario`,`id_informe`),
  KEY `id_informe` (`id_informe`),
  CONSTRAINT `MANEJA_ibfk_1` FOREIGN KEY (`Usuario`) REFERENCES `STAFF` (`Usuario`) ON DELETE NO ACTION,
  CONSTRAINT `MANEJA_ibfk_2` FOREIGN KEY (`id_informe`) REFERENCES `INFORMES` (`id_informe`) ON DELETE NO ACTION
) ENGINE=InnoDB AUTO_INCREMENT=22 DEFAULT CHARSET=utf8mb4;

-- Volcando datos para la tabla priPictureka.MANEJA: ~10 rows (aproximadamente)
/*!40000 ALTER TABLE `MANEJA` DISABLE KEYS */;
INSERT INTO `MANEJA` (`Usuario`, `id_informe`, `Fecha`) VALUES
	('1032', 1, '2022-01-07 16:17:39'),
	('1032', 2, '2022-01-08 16:56:23'),
	('1032', 17, '2022-03-31 16:48:29'),
	('1180', 4, '2022-02-17 16:59:25'),
	('1180', 15, '2022-03-28 22:04:42'),
	('2250', 3, '2022-01-07 16:59:07'),
	('2250', 6, '2022-03-19 18:28:06'),
	('3090', 5, '2022-03-17 16:59:55'),
	('3090', 16, '2022-03-28 22:07:11'),
	('3090', 18, '2022-03-31 16:58:51'),
	('3090', 21, '2022-04-07 16:30:25');
/*!40000 ALTER TABLE `MANEJA` ENABLE KEYS */;

-- Volcando estructura para tabla priPictureka.MODIFICA
CREATE TABLE IF NOT EXISTS `MODIFICA` (
  `iden` int(11) NOT NULL AUTO_INCREMENT,
  `Usuario` varchar(10) NOT NULL,
  `identificadorEvento` int(11) NOT NULL,
  `fecha_edicion` timestamp NOT NULL DEFAULT current_timestamp() ON UPDATE current_timestamp(),
  PRIMARY KEY (`iden`,`identificadorEvento`,`Usuario`),
  KEY `Usuario` (`Usuario`),
  KEY `identificadorEvento` (`identificadorEvento`),
  CONSTRAINT `MODIFICA_ibfk_1` FOREIGN KEY (`Usuario`) REFERENCES `STAFF` (`Usuario`) ON DELETE CASCADE,
  CONSTRAINT `MODIFICA_ibfk_2` FOREIGN KEY (`identificadorEvento`) REFERENCES `EVENTOS` (`identificador`) ON DELETE CASCADE
) ENGINE=InnoDB AUTO_INCREMENT=12 DEFAULT CHARSET=utf8mb4;

-- Volcando datos para la tabla priPictureka.MODIFICA: ~9 rows (aproximadamente)
/*!40000 ALTER TABLE `MODIFICA` DISABLE KEYS */;
INSERT INTO `MODIFICA` (`iden`, `Usuario`, `identificadorEvento`, `fecha_edicion`) VALUES
	(1, '1032', 4, '2022-03-19 19:14:41'),
	(2, '1032', 2, '2022-03-19 22:02:02'),
	(3, '1032', 3, '2022-03-19 22:02:27'),
	(4, '1032', 3, '2022-03-19 22:03:51'),
	(5, '1180', 4, '2022-03-25 17:08:08'),
	(6, '1032', 4, '2022-03-31 16:47:03'),
	(7, '1032', 4, '2022-04-06 23:03:31'),
	(8, '1032', 4, '2022-04-06 23:04:31'),
	(9, '1032', 4, '2022-04-06 23:37:17'),
	(10, '1045', 4, '2022-04-07 00:22:38'),
	(11, '1032', 4, '2022-04-07 16:33:11');
/*!40000 ALTER TABLE `MODIFICA` ENABLE KEYS */;

-- Volcando estructura para tabla priPictureka.RESERVA
CREATE TABLE IF NOT EXISTS `RESERVA` (
  `identificador` mediumint(9) NOT NULL,
  `num_ticket` tinyint(4) NOT NULL,
  `fecha` date NOT NULL,
  `hora` time NOT NULL,
  `id_duenio` varchar(10) NOT NULL,
  `revisor` varchar(10) DEFAULT NULL,
  `visible` tinyint(1) unsigned DEFAULT 1,
  PRIMARY KEY (`identificador`),
  KEY `id_duenio` (`id_duenio`),
  KEY `revisor` (`revisor`),
  CONSTRAINT `RESERVA_ibfk_1` FOREIGN KEY (`id_duenio`) REFERENCES `CLIENTE` (`Usuario`) ON DELETE CASCADE,
  CONSTRAINT `RESERVA_ibfk_2` FOREIGN KEY (`revisor`) REFERENCES `STAFF` (`Usuario`) ON DELETE CASCADE
) ENGINE=InnoDB DEFAULT CHARSET=utf8mb4;

-- Volcando datos para la tabla priPictureka.RESERVA: ~19 rows (aproximadamente)
/*!40000 ALTER TABLE `RESERVA` DISABLE KEYS */;
INSERT INTO `RESERVA` (`identificador`, `num_ticket`, `fecha`, `hora`, `id_duenio`, `revisor`, `visible`) VALUES
	(159365, 3, '2022-05-20', '17:38:00', 'asas', NULL, 1),
	(185063, 2, '2022-01-11', '15:15:30', 'Oscar', NULL, 1),
	(233899, 5, '2022-03-28', '14:15:00', 'asas', NULL, 1),
	(236204, 2, '2022-04-01', '17:22:00', 'Ruoyan', NULL, 0),
	(295987, 7, '2022-03-31', '14:52:00', 'Lian', '3090', 1),
	(348877, 2, '2022-03-30', '16:53:00', 'asas', NULL, 0),
	(377581, 7, '2022-05-26', '18:38:00', 'asas', NULL, 1),
	(400326, 1, '2022-05-28', '18:57:00', 'asas', '3090', 1),
	(407912, 4, '2022-02-25', '15:51:31', 'Lucia', '3090', 1),
	(408207, 3, '2022-04-19', '15:22:00', 'Ruoyan', '3090', 1),
	(519711, 8, '2022-04-08', '10:14:00', 'Lian', NULL, 1),
	(536192, 3, '2022-03-31', '17:44:00', 'asas', '3090', 1),
	(575558, 3, '2022-04-15', '13:52:00', 'Ruoyan', NULL, 1),
	(578188, 3, '2022-03-31', '16:42:00', 'asas', '2250', 1),
	(586135, 3, '2022-03-31', '18:04:00', 'joliema', NULL, 1),
	(623152, 4, '2022-04-23', '17:31:00', 'Ruoyan', NULL, 1),
	(700397, 8, '2022-05-27', '18:49:00', 'asas', NULL, 0),
	(738165, 2, '2022-05-17', '10:46:00', 'asas', '3090', 1),
	(740304, 3, '2022-04-16', '15:28:00', 'Ruoyan', '3090', 1);
/*!40000 ALTER TABLE `RESERVA` ENABLE KEYS */;

-- Volcando estructura para tabla priPictureka.SALAS
CREATE TABLE IF NOT EXISTS `SALAS` (
  `Id_Sala` int(11) NOT NULL,
  `planta` int(11) NOT NULL,
  `tamaño_sala` float NOT NULL,
  PRIMARY KEY (`Id_Sala`)
) ENGINE=InnoDB DEFAULT CHARSET=utf8mb4;

-- Volcando datos para la tabla priPictureka.SALAS: ~3 rows (aproximadamente)
/*!40000 ALTER TABLE `SALAS` DISABLE KEYS */;
INSERT INTO `SALAS` (`Id_Sala`, `planta`, `tamaño_sala`) VALUES
	(1, 1, 70.5),
	(2, 1, 64.5),
	(3, 1, 68),
	(4, 1, 71.5);
/*!40000 ALTER TABLE `SALAS` ENABLE KEYS */;

-- Volcando estructura para tabla priPictureka.SENSORES
CREATE TABLE IF NOT EXISTS `SENSORES` (
  `identificador` int(11) NOT NULL,
  `Tipo` varchar(20) NOT NULL,
  `ID_Sala` int(11) NOT NULL,
  `Posicion` int(11) NOT NULL,
  `Fecha` timestamp NOT NULL DEFAULT current_timestamp(),
  PRIMARY KEY (`identificador`) USING BTREE
) ENGINE=InnoDB DEFAULT CHARSET=utf8mb4;

-- Volcando datos para la tabla priPictureka.SENSORES: ~24 rows (aproximadamente)
/*!40000 ALTER TABLE `SENSORES` DISABLE KEYS */;
INSERT INTO `SENSORES` (`identificador`, `Tipo`, `ID_Sala`, `Posicion`, `Fecha`) VALUES
	(1, 'Distancia', 1, 1, '2022-05-19 15:41:32'),
	(2, 'Distancia', 1, 2, '2022-05-19 15:41:32'),
	(3, 'Distancia', 1, 3, '2022-04-29 17:11:22'),
	(4, 'Distancia', 1, 4, '2022-04-29 17:11:42'),
	(5, 'Temperatura', 1, 1, '2022-05-19 15:41:32'),
	(6, 'Luz', 1, 1, '2022-05-19 15:41:32'),
	(7, 'Luz', 2, 1, '2022-05-20 17:16:57'),
	(8, 'Distancia', 2, 4, '2022-05-05 12:14:05'),
	(9, 'Distancia', 2, 3, '2022-05-05 12:13:51'),
	(10, 'Distancia', 2, 2, '2022-05-20 17:16:58'),
	(11, 'Distancia', 2, 1, '2022-05-20 17:16:58'),
	(12, 'Temperatura', 2, 1, '2022-05-20 17:16:12'),
	(13, 'Temperatura', 3, 1, '2022-04-29 13:37:02'),
	(14, 'Distancia', 3, 4, '2022-05-05 12:14:41'),
	(15, 'Distancia', 3, 3, '2022-05-05 12:14:25'),
	(16, 'Distancia', 3, 2, '2022-04-29 17:18:13'),
	(17, 'Distancia', 3, 1, '2022-04-22 15:59:19'),
	(18, 'Luz', 3, 1, '2022-04-29 16:00:44'),
	(19, 'Luz', 4, 1, '2022-04-28 17:02:59'),
	(20, 'Distancia', 4, 4, '2022-05-05 12:15:46'),
	(21, 'Distancia', 4, 3, '2022-05-05 12:15:30'),
	(22, 'Distancia', 4, 2, '2022-05-05 12:15:21'),
	(23, 'Distancia', 4, 1, '2022-05-05 12:14:59'),
	(24, 'Temperatura', 4, 1, '2022-04-28 17:03:00');
/*!40000 ALTER TABLE `SENSORES` ENABLE KEYS */;

-- Volcando estructura para tabla priPictureka.STAFF
CREATE TABLE IF NOT EXISTS `STAFF` (
  `Usuario` varchar(10) NOT NULL,
  `Nombre` tinytext NOT NULL,
  `Apellido1` tinytext NOT NULL,
  `Apellido2` tinytext NOT NULL,
  `identificadorUser` tinyint(4) NOT NULL,
  `Dni` varchar(9) NOT NULL,
  `FechaNacimiento` date NOT NULL,
  `Email` tinytext NOT NULL,
  `Contraseña` tinytext NOT NULL,
  PRIMARY KEY (`Usuario`),
  UNIQUE KEY `Dni` (`Dni`)
) ENGINE=InnoDB DEFAULT CHARSET=utf8mb4;

-- Volcando datos para la tabla priPictureka.STAFF: ~7 rows (aproximadamente)
/*!40000 ALTER TABLE `STAFF` DISABLE KEYS */;
INSERT INTO `STAFF` (`Usuario`, `Nombre`, `Apellido1`, `Apellido2`, `identificadorUser`, `Dni`, `FechaNacimiento`, `Email`, `Contraseña`) VALUES
	('1032', 'Jorge', 'Amador', 'Fernández', 3, '54820482A', '1997-11-25', 'alguti@gmail.com', 'f27d0f76caf99e9451067cd444fc99ee2d4d392fdaf0ffb11a0087cc75fa270c'),
	('1045', 'Helena', 'Cortez', 'Benito', 3, '67849310Z', '1998-06-10', 'helena@gmail.com', '7692e8bef67ef7ed617d5d84cc2fa465eee6e7cfc30c8e0fb6c6a7da893b62be'),
	('1180', 'Álvaro', 'Moreno', 'Barro', 3, '48295802F', '1956-01-12', 'alvaro@gmail.com', 'c54a365d6b6221304dd80fcd61759ef4c3ba9baaae0e1d877ff8a8edd8cb220e'),
	('2250', 'Paula', 'Sanchéz', 'Morales', 2, '43578445K', '2001-12-03', 'paula@gmail.com', 'e8e67b277871677267faef4982e5081ebcfe0710c688f03a8130756d0dd779cd'),
	('2290', 'Miranda', 'Martínez', 'García', 2, '66783256L', '2002-03-04', 'miranda23@gmail.com', '0b164ec379418b7c7103819bd96ee17040a5e7f8083a956a3dc502f720d52a36'),
	('3090', 'Rodrigo', 'González', 'Canalejas', 2, '69990581P', '1998-06-08', 'rodrigo@gmail.com', '0c145d6c8863b92fb7f442a3761e5ac70bcb4471bafa1bdf2dcd8b38720c652f'),
	('5556', 'Pietro', 'Velásquez', 'Vergara', 2, 'P65988978', '1946-02-15', 'pietrovv@gmail.com', 'e5fd0977c3e1a1354752dc4768b019a2bbd83fd454b4f35dfd00d55b9e71c44c');
/*!40000 ALTER TABLE `STAFF` ENABLE KEYS */;

-- Volcando estructura para tabla priPictureka.VISUALIZA
CREATE TABLE IF NOT EXISTS `VISUALIZA` (
  `Usuario` varchar(10) NOT NULL,
  `Id_sala` int(11) NOT NULL,
  `fecha` timestamp NOT NULL DEFAULT current_timestamp() ON UPDATE current_timestamp(),
  PRIMARY KEY (`Usuario`,`Id_sala`),
  KEY `VISUALIZA_SALAS_Id_Sala_fk` (`Id_sala`),
  CONSTRAINT `VISUALIZA_SALAS_Id_Sala_fk` FOREIGN KEY (`Id_sala`) REFERENCES `SALAS` (`Id_Sala`),
  CONSTRAINT `VISUALIZA_STAFF_Usuario_fk` FOREIGN KEY (`Usuario`) REFERENCES `STAFF` (`Usuario`)
) ENGINE=InnoDB DEFAULT CHARSET=utf8mb4;

-- Volcando datos para la tabla priPictureka.VISUALIZA: ~0 rows (aproximadamente)
/*!40000 ALTER TABLE `VISUALIZA` DISABLE KEYS */;
/*!40000 ALTER TABLE `VISUALIZA` ENABLE KEYS */;

/*!40101 SET SQL_MODE=IFNULL(@OLD_SQL_MODE, '') */;
/*!40014 SET FOREIGN_KEY_CHECKS=IFNULL(@OLD_FOREIGN_KEY_CHECKS, 1) */;
/*!40101 SET CHARACTER_SET_CLIENT=@OLD_CHARACTER_SET_CLIENT */;
/*!40111 SET SQL_NOTES=IFNULL(@OLD_SQL_NOTES, 1) */;
